{
    "@class": "com.kony.gen.skin.model.KVizSkin",
    "applicableblockedUIWidget": "Button",
    "background_color": "56a9dd00",
    "background_style": "vg",
    "bg_type": "one",
    "border_color": "ffffff00",
    "border_radius": 0,
    "border_style": "plain",
    "border_type": 0,
    "border_width": 0,
    "bottom_left_border_color": "00000000",
    "bottom_left_border_radius": 10,
    "bottom_left_border_width": 0,
    "bottom_right_border_color": "00000000",
    "bottom_right_border_radius": 10,
    "bottom_right_border_width": 0,
    "delinkedPltfrms": {
        "desktop": [],
        "mobile": [
            "iphone",
            "android",
            "winphone8",
            "spaip",
            "spaan",
            "spawinphone8"
        ],
        "tablet": [
            "ipad",
            "tabrcandroid",
            "windows8",
            "spaipad",
            "spaandroidtablet",
            "spawindowstablet"
        ]
    },
    "font_color": "ffffff00",
    "font_size": 146,
    "font_style": "normal",
    "font_weight": "normal",
    "gridLineColor": "0000000",
    "id": "CopyslButtonGlossBlue0331bc76efc5d40",
    "isForked": false,
    "kuid": "s0dc48b80d40404fb175f0e1afb4371b",
    "platforms": {
        "android": {
            "@class": "com.kony.gen.skin.model.KVizAndroidSkin",
            "applicableblockedUIWidget": "Button",
            "background_color": {
                "angle": 0,
                "colors": [
                    "56a9dd00",
                    "3a83a700",
                    "4aa8d100"
                ],
                "cs": [
                    0,
                    50,
                    100
                ],
                "gt": "linear"
            },
            "background_style": "linear",
            "bg_type": "ms_gradient",
            "border_color": "00000000",
            "border_radius": 0,
            "border_style": "rc",
            "border_type": 0,
            "border_width": 1,
            "bottom_left_border_color": "00000000",
            "bottom_left_border_radius": 10,
            "bottom_left_border_width": 0,
            "bottom_right_border_color": "00000000",
            "bottom_right_border_radius": 10,
            "bottom_right_border_width": 0,
            "font_color": "ffffff00",
            "font_size": 146,
            "font_style": "normal",
            "font_weight": "normal",
            "gridLineColor": "0000000",
            "id": "CopyslButtonGlossBlue0331bc76efc5d40",
            "isForked": true,
            "psp": {
                "@class": "com.kony.gen.skin.model.psp.AndroidPSP"
            },
            "shadow": {
                "br": 0,
                "color": "000000",
                "inner": false,
                "x": 0,
                "y": 0
            },
            "text_shadow": {
                "br": 0,
                "color": "000000",
                "x": 0,
                "y": -1
            },
            "top_left_border_color": "00000000",
            "top_left_border_radius": 10,
            "top_left_border_width": 0,
            "top_right_border_color": "00000000",
            "top_right_border_radius": 10,
            "top_right_border_width": 0,
            "vizChannel": "android",
            "wType": "Button"
        },
        "ipad": {
            "@class": "com.kony.gen.skin.model.KVizIPadSkin",
            "applicableblockedUIWidget": "Button",
            "background_color": {
                "angle": 0,
                "colors": [
                    "56a9dd00",
                    "3a83a700",
                    "4aa8d100"
                ],
                "cs": [
                    0,
                    50,
                    100
                ],
                "gt": "linear"
            },
            "background_style": "linear",
            "bg_type": "ms_gradient",
            "border_color": "00000000",
            "border_radius": 0,
            "border_style": "rc",
            "border_type": 0,
            "border_width": 1,
            "bottom_left_border_color": "00000000",
            "bottom_left_border_radius": 10,
            "bottom_left_border_width": 0,
            "bottom_right_border_color": "00000000",
            "bottom_right_border_radius": 10,
            "bottom_right_border_width": 0,
            "font_color": "ffffff00",
            "font_size": 146,
            "font_style": "normal",
            "font_weight": "normal",
            "gridLineColor": "0000000",
            "id": "CopyslButtonGlossBlue0331bc76efc5d40",
            "isForked": true,
            "psp": {
                "@class": "com.kony.gen.skin.model.psp.IPadPSP"
            },
            "shadow": {
                "br": 2,
                "color": "000000",
                "inner": false,
                "x": 0,
                "y": 2
            },
            "text_shadow": {
                "br": 0,
                "color": "000000",
                "x": 0,
                "y": -1
            },
            "top_left_border_color": "00000000",
            "top_left_border_radius": 10,
            "top_left_border_width": 0,
            "top_right_border_color": "00000000",
            "top_right_border_radius": 10,
            "top_right_border_width": 0,
            "vizChannel": "ipad",
            "wType": "Button"
        },
        "iphone": {
            "@class": "com.kony.gen.skin.model.KVizIPhoneSkin",
            "applicableblockedUIWidget": "Button",
            "background_color": {
                "angle": 0,
                "colors": [
                    "56a9dd00",
                    "3a83a700",
                    "4aa8d100"
                ],
                "cs": [
                    0,
                    50,
                    100
                ],
                "gt": "linear"
            },
            "background_style": "linear",
            "bg_type": "ms_gradient",
            "border_color": "00000000",
            "border_radius": 0,
            "border_style": "rc",
            "border_type": 0,
            "border_width": 1,
            "bottom_left_border_color": "00000000",
            "bottom_left_border_radius": 10,
            "bottom_left_border_width": 0,
            "bottom_right_border_color": "00000000",
            "bottom_right_border_radius": 10,
            "bottom_right_border_width": 0,
            "font_color": "ffffff00",
            "font_size": 146,
            "font_style": "normal",
            "font_weight": "normal",
            "gridLineColor": "0000000",
            "id": "CopyslButtonGlossBlue0331bc76efc5d40",
            "isForked": true,
            "psp": {
                "@class": "com.kony.gen.skin.model.psp.IPhonePSP"
            },
            "shadow": {
                "br": 2,
                "color": "000000",
                "inner": false,
                "x": 0,
                "y": 2
            },
            "text_shadow": {
                "br": 0,
                "color": "000000",
                "x": 0,
                "y": -1
            },
            "top_left_border_color": "00000000",
            "top_left_border_radius": 10,
            "top_left_border_width": 0,
            "top_right_border_color": "00000000",
            "top_right_border_radius": 10,
            "top_right_border_width": 0,
            "vizChannel": "iphone",
            "wType": "Button"
        },
        "spaan": {
            "@class": "com.kony.gen.skin.model.KVizSPAAndroidSkin",
            "applicableblockedUIWidget": "Button",
            "backgroundSize": false,
            "background_color": {
                "angle": 0,
                "colors": [
                    "56a9dd00",
                    "3a83a700",
                    "4aa8d100"
                ],
                "cs": [
                    0,
                    50,
                    100
                ],
                "gt": "linear"
            },
            "background_style": "linear",
            "bg_type": "ms_gradient",
            "border_color": "ffffff00",
            "border_radius": 0,
            "border_style": "plain",
            "border_type": 0,
            "border_width": 0,
            "bottom_left_border_color": "ffffff00",
            "bottom_left_border_radius": 10,
            "bottom_left_border_style": "plain",
            "bottom_left_border_width": 0,
            "bottom_right_border_color": "ffffff00",
            "bottom_right_border_radius": 10,
            "bottom_right_border_style": "plain",
            "bottom_right_border_width": 0,
            "enableRetinaImage": false,
            "font_color": "ffffff00",
            "font_size": 146,
            "font_style": "normal",
            "font_weight": "normal",
            "gridLineColor": "0000000",
            "id": "CopyslButtonGlossBlue0331bc76efc5d40",
            "isForked": true,
            "psp": {
                "@class": "com.kony.gen.skin.model.psp.SPAAndroidPSP"
            },
            "repeatImageHorizontally": false,
            "repeatImageVertically": false,
            "shadow": {
                "br": 2,
                "color": "000000",
                "inner": false,
                "x": 0,
                "y": 2
            },
            "text_shadow": {
                "br": 0,
                "color": "000000",
                "x": 0,
                "y": -1
            },
            "top_left_border_color": "ffffff00",
            "top_left_border_radius": 10,
            "top_left_border_style": "plain",
            "top_left_border_width": 0,
            "top_right_border_color": "ffffff00",
            "top_right_border_radius": 10,
            "top_right_border_style": "plain",
            "top_right_border_width": 0,
            "vizChannel": "spaan",
            "wType": "Button"
        },
        "spaandroidtablet": {
            "@class": "com.kony.gen.skin.model.KVizSPAAndroidTabletSkin",
            "applicableblockedUIWidget": "Button",
            "backgroundSize": false,
            "background_color": {
                "angle": 0,
                "colors": [
                    "56a9dd00",
                    "3a83a700",
                    "4aa8d100"
                ],
                "cs": [
                    0,
                    50,
                    100
                ],
                "gt": "linear"
            },
            "background_style": "linear",
            "bg_type": "ms_gradient",
            "border_color": "ffffff00",
            "border_radius": 0,
            "border_style": "plain",
            "border_type": 0,
            "border_width": 0,
            "bottom_left_border_color": "ffffff00",
            "bottom_left_border_radius": 10,
            "bottom_left_border_style": "plain",
            "bottom_left_border_width": 0,
            "bottom_right_border_color": "ffffff00",
            "bottom_right_border_radius": 10,
            "bottom_right_border_style": "plain",
            "bottom_right_border_width": 0,
            "font_color": "ffffff00",
            "font_size": 146,
            "font_style": "normal",
            "font_weight": "normal",
            "gridLineColor": "0000000",
            "id": "CopyslButtonGlossBlue0331bc76efc5d40",
            "isForked": true,
            "psp": {
                "@class": "com.kony.gen.skin.model.psp.SPAAndroidTabletPSP"
            },
            "repeatImageHorizontally": false,
            "repeatImageVertically": false,
            "shadow": {
                "br": 2,
                "color": "000000",
                "inner": false,
                "x": 0,
                "y": 2
            },
            "text_shadow": {
                "br": 0,
                "color": "000000",
                "x": 0,
                "y": -1
            },
            "top_left_border_color": "ffffff00",
            "top_left_border_radius": 10,
            "top_left_border_style": "plain",
            "top_left_border_width": 0,
            "top_right_border_color": "ffffff00",
            "top_right_border_radius": 10,
            "top_right_border_style": "plain",
            "top_right_border_width": 0,
            "vizChannel": "spaandroidtablet",
            "wType": "Button"
        },
        "spaip": {
            "@class": "com.kony.gen.skin.model.KVizSPAIPhoneSkin",
            "applicableblockedUIWidget": "Button",
            "backgroundSize": false,
            "background_color": {
                "angle": 0,
                "colors": [
                    "56a9dd00",
                    "3a83a700",
                    "4aa8d100"
                ],
                "cs": [
                    0,
                    50,
                    100
                ],
                "gt": "linear"
            },
            "background_style": "linear",
            "bg_type": "ms_gradient",
            "border_color": "ffffff00",
            "border_radius": 0,
            "border_style": "plain",
            "border_type": 0,
            "border_width": 0,
            "bottom_left_border_color": "ffffff00",
            "bottom_left_border_radius": 10,
            "bottom_left_border_style": "plain",
            "bottom_left_border_width": 0,
            "bottom_right_border_color": "ffffff00",
            "bottom_right_border_radius": 10,
            "bottom_right_border_style": "plain",
            "bottom_right_border_width": 0,
            "enableRetinaImage": false,
            "font_color": "ffffff00",
            "font_size": 146,
            "font_style": "normal",
            "font_weight": "normal",
            "gridLineColor": "0000000",
            "id": "CopyslButtonGlossBlue0331bc76efc5d40",
            "isForked": true,
            "psp": {
                "@class": "com.kony.gen.skin.model.psp.SPAIPhonePSP"
            },
            "repeatImageHorizontally": false,
            "repeatImageVertically": false,
            "repeatRetinaImage": false,
            "shadow": {
                "br": 2,
                "color": "000000",
                "inner": false,
                "x": 0,
                "y": 2
            },
            "text_shadow": {
                "br": 0,
                "color": "000000",
                "x": 0,
                "y": -1
            },
            "top_left_border_color": "ffffff00",
            "top_left_border_radius": 10,
            "top_left_border_style": "plain",
            "top_left_border_width": 0,
            "top_right_border_color": "ffffff00",
            "top_right_border_radius": 10,
            "top_right_border_style": "plain",
            "top_right_border_width": 0,
            "vizChannel": "spaip",
            "wType": "Button"
        },
        "spaipad": {
            "@class": "com.kony.gen.skin.model.KVizSPAIPadSkin",
            "applicableblockedUIWidget": "Button",
            "backgroundSize": false,
            "background_color": {
                "angle": 0,
                "colors": [
                    "56a9dd00",
                    "3a83a700",
                    "4aa8d100"
                ],
                "cs": [
                    0,
                    50,
                    100
                ],
                "gt": "linear"
            },
            "background_style": "linear",
            "bg_type": "ms_gradient",
            "border_color": "ffffff00",
            "border_radius": 0,
            "border_style": "plain",
            "border_type": 0,
            "border_width": 0,
            "bottom_left_border_color": "ffffff00",
            "bottom_left_border_radius": 10,
            "bottom_left_border_style": "plain",
            "bottom_left_border_width": 0,
            "bottom_right_border_color": "ffffff00",
            "bottom_right_border_radius": 10,
            "bottom_right_border_style": "plain",
            "bottom_right_border_width": 0,
            "enableRetinaImage": false,
            "font_color": "ffffff00",
            "font_size": 146,
            "font_style": "normal",
            "font_weight": "normal",
            "gridLineColor": "0000000",
            "id": "CopyslButtonGlossBlue0331bc76efc5d40",
            "isForked": true,
            "psp": {
                "@class": "com.kony.gen.skin.model.psp.SPAIPadPSP"
            },
            "repeatImageHorizontally": false,
            "repeatImageVertically": false,
            "repeatRetinaImage": false,
            "shadow": {
                "br": 2,
                "color": "000000",
                "inner": false,
                "x": 0,
                "y": 2
            },
            "text_shadow": {
                "br": 0,
                "color": "000000",
                "x": 0,
                "y": -1
            },
            "top_left_border_color": "ffffff00",
            "top_left_border_radius": 10,
            "top_left_border_style": "plain",
            "top_left_border_width": 0,
            "top_right_border_color": "ffffff00",
            "top_right_border_radius": 10,
            "top_right_border_style": "plain",
            "top_right_border_width": 0,
            "vizChannel": "spaipad",
            "wType": "Button"
        },
        "spawindowstablet": {
            "@class": "com.kony.gen.skin.model.KVizSPAWindowsTabletSkin",
            "applicableblockedUIWidget": "Button",
            "background_color": {
                "angle": 0,
                "colors": [
                    "56a9dd00",
                    "3a83a700",
                    "4aa8d100"
                ],
                "cs": [
                    0,
                    50,
                    100
                ],
                "gt": "linear"
            },
            "background_style": "linear",
            "bg_type": "ms_gradient",
            "border_color": "ffffff00",
            "border_radius": 0,
            "border_style": "plain",
            "border_type": 0,
            "border_width": 0,
            "bottom_left_border_color": "ffffff00",
            "bottom_left_border_radius": 10,
            "bottom_left_border_style": "plain",
            "bottom_left_border_width": 0,
            "bottom_right_border_color": "ffffff00",
            "bottom_right_border_radius": 10,
            "bottom_right_border_style": "plain",
            "bottom_right_border_width": 0,
            "font_color": "ffffff00",
            "font_size": 146,
            "font_style": "normal",
            "font_weight": "normal",
            "gridLineColor": "0000000",
            "id": "CopyslButtonGlossBlue0331bc76efc5d40",
            "isForked": true,
            "psp": {
                "@class": "com.kony.gen.skin.model.psp.SPAWindowsTabletPSP"
            },
            "repeatImageHorizontally": false,
            "repeatImageVertically": false,
            "shadow": {
                "br": 2,
                "color": "000000",
                "inner": false,
                "x": 0,
                "y": 2
            },
            "text_shadow": {
                "br": 0,
                "color": "000000",
                "x": 0,
                "y": -1
            },
            "top_left_border_color": "ffffff00",
            "top_left_border_radius": 10,
            "top_left_border_style": "plain",
            "top_left_border_width": 0,
            "top_right_border_color": "ffffff00",
            "top_right_border_radius": 10,
            "top_right_border_style": "plain",
            "top_right_border_width": 0,
            "vizChannel": "spawindowstablet",
            "wType": "Button"
        },
        "spawinphone8": {
            "@class": "com.kony.gen.skin.model.KVizSPAWinPhone8Skin",
            "applicableblockedUIWidget": "Button",
            "backgroundSize": false,
            "background_color": {
                "angle": 0,
                "colors": [
                    "56a9dd00",
                    "3a83a700",
                    "4aa8d100"
                ],
                "cs": [
                    0,
                    50,
                    100
                ],
                "gt": "linear"
            },
            "background_style": "linear",
            "bg_type": "ms_gradient",
            "border_color": "ffffff00",
            "border_radius": 0,
            "border_style": "plain",
            "border_type": 0,
            "border_width": 0,
            "bottom_left_border_color": "ffffff00",
            "bottom_left_border_radius": 10,
            "bottom_left_border_style": "plain",
            "bottom_left_border_width": 0,
            "bottom_right_border_color": "ffffff00",
            "bottom_right_border_radius": 10,
            "bottom_right_border_style": "plain",
            "bottom_right_border_width": 0,
            "font_color": "ffffff00",
            "font_size": 146,
            "font_style": "normal",
            "font_weight": "normal",
            "gridLineColor": "0000000",
            "id": "CopyslButtonGlossBlue0331bc76efc5d40",
            "isForked": true,
            "psp": {
                "@class": "com.kony.gen.skin.model.psp.SPAWinPhone8PSP"
            },
            "repeatImageHorizontally": false,
            "repeatImageVertically": false,
            "shadow": {
                "br": 2,
                "color": "000000",
                "inner": false,
                "x": 0,
                "y": 2
            },
            "text_shadow": {
                "br": 0,
                "color": "000000",
                "x": 0,
                "y": -1
            },
            "top_left_border_color": "ffffff00",
            "top_left_border_radius": 10,
            "top_left_border_style": "plain",
            "top_left_border_width": 0,
            "top_right_border_color": "ffffff00",
            "top_right_border_radius": 10,
            "top_right_border_style": "plain",
            "top_right_border_width": 0,
            "vizChannel": "spawinphone8",
            "wType": "Button"
        },
        "tabrcandroid": {
            "@class": "com.kony.gen.skin.model.KVizAndroidTabletSkin",
            "applicableblockedUIWidget": "Button",
            "background_color": {
                "angle": 0,
                "colors": [
                    "56a9dd00",
                    "3a83a700",
                    "4aa8d100"
                ],
                "cs": [
                    0,
                    50,
                    100
                ],
                "gt": "linear"
            },
            "background_style": "linear",
            "bg_type": "ms_gradient",
            "border_color": "00000000",
            "border_radius": 0,
            "border_style": "rc",
            "border_type": 0,
            "border_width": 1,
            "bottom_left_border_color": "00000000",
            "bottom_left_border_radius": 10,
            "bottom_left_border_width": 0,
            "bottom_right_border_color": "00000000",
            "bottom_right_border_radius": 10,
            "bottom_right_border_width": 0,
            "font_color": "ffffff00",
            "font_size": 146,
            "font_style": "normal",
            "font_weight": "normal",
            "gridLineColor": "0000000",
            "id": "CopyslButtonGlossBlue0331bc76efc5d40",
            "isForked": true,
            "psp": {
                "@class": "com.kony.gen.skin.model.psp.AndroidTabletPSP"
            },
            "shadow": {
                "br": 0,
                "color": "000000",
                "inner": false,
                "x": 0,
                "y": 0
            },
            "text_shadow": {
                "br": 0,
                "color": "000000",
                "x": 0,
                "y": -1
            },
            "top_left_border_color": "00000000",
            "top_left_border_radius": 10,
            "top_left_border_width": 0,
            "top_right_border_color": "00000000",
            "top_right_border_radius": 10,
            "top_right_border_width": 0,
            "vizChannel": "tabrcandroid",
            "wType": "Button"
        },
        "windows8": {
            "@class": "com.kony.gen.skin.model.KVizWindows8Skin",
            "applicableblockedUIWidget": "Button",
            "background_color": "56a9dd00",
            "background_style": "vg",
            "bg_type": "one",
            "border_color": "00000000",
            "border_radius": 0,
            "border_style": "rc",
            "border_type": 0,
            "border_width": 1,
            "bottom_left_border_color": "00000000",
            "bottom_left_border_radius": 10,
            "bottom_left_border_width": 0,
            "bottom_right_border_color": "00000000",
            "bottom_right_border_radius": 10,
            "bottom_right_border_width": 0,
            "font_color": "ffffff00",
            "font_size": 146,
            "font_style": "normal",
            "font_weight": "normal",
            "gridLineColor": "0000000",
            "id": "CopyslButtonGlossBlue0331bc76efc5d40",
            "isForked": true,
            "psp": {
                "@class": "com.kony.gen.skin.model.psp.Windows8PSP"
            },
            "shadow": {
                "br": 0,
                "color": "000000",
                "inner": false,
                "x": 0,
                "y": 0
            },
            "text_shadow": {
                "br": 0,
                "color": "000000",
                "x": 0,
                "y": 0
            },
            "top_left_border_color": "00000000",
            "top_left_border_radius": 10,
            "top_left_border_width": 0,
            "top_right_border_color": "00000000",
            "top_right_border_radius": 10,
            "top_right_border_width": 0,
            "vizChannel": "windows8",
            "wType": "Button"
        },
        "winphone8": {
            "@class": "com.kony.gen.skin.model.KVizWinPhone8Skin",
            "applicableblockedUIWidget": "Button",
            "background_color": "56a9dd00",
            "background_style": "vg",
            "bg_type": "one",
            "border_color": "00000000",
            "border_radius": 0,
            "border_style": "rc",
            "border_type": 0,
            "border_width": 1,
            "bottom_left_border_color": "00000000",
            "bottom_left_border_radius": 10,
            "bottom_left_border_width": 0,
            "bottom_right_border_color": "00000000",
            "bottom_right_border_radius": 10,
            "bottom_right_border_width": 0,
            "font_color": "ffffff00",
            "font_size": 146,
            "font_style": "normal",
            "font_weight": "normal",
            "gridLineColor": "0000000",
            "id": "CopyslButtonGlossBlue0331bc76efc5d40",
            "isForked": true,
            "psp": {
                "@class": "com.kony.gen.skin.model.psp.WinPhone8PSP"
            },
            "shadow": {
                "br": 0,
                "color": "000000",
                "inner": false,
                "x": 0,
                "y": 0
            },
            "text_shadow": {
                "br": 0,
                "color": "000000",
                "x": 0,
                "y": 0
            },
            "top_left_border_color": "00000000",
            "top_left_border_radius": 10,
            "top_left_border_width": 0,
            "top_right_border_color": "00000000",
            "top_right_border_radius": 10,
            "top_right_border_width": 0,
            "vizChannel": "winphone8",
            "wType": "Button"
        }
    },
    "shadow": {
        "br": 0,
        "color": "000000",
        "inner": false,
        "x": 0,
        "y": 0
    },
    "text_shadow": {
        "br": 0,
        "color": "000000",
        "x": 0,
        "y": 0
    },
    "top_left_border_color": "00000000",
    "top_left_border_radius": 10,
    "top_left_border_width": 0,
    "top_right_border_color": "00000000",
    "top_right_border_radius": 10,
    "top_right_border_width": 0,
    "vizChannel": "default",
    "wType": "Button"
}