{
    "@class": "com.kony.gen.skin.model.KVizSkin",
    "applicableblockedUIWidget": "Button",
    "background_color": "ffffff00",
    "background_style": "vg",
    "bg_type": "one",
    "border_color": "55555500",
    "border_radius": 0,
    "border_style": "rc",
    "border_type": 0,
    "border_width": 1,
    "bottom_left_border_color": "00000000",
    "bottom_left_border_radius": 10,
    "bottom_left_border_width": 0,
    "bottom_right_border_color": "00000000",
    "bottom_right_border_radius": 10,
    "bottom_right_border_width": 0,
    "font_color": "55555500",
    "font_size": 125,
    "font_style": "normal",
    "font_weight": "normal",
    "gridLineColor": "0000000",
    "id": "CopyslTextBox0d1fdcf914c1b4c",
    "isForked": false,
    "kuid": "s04cd7a735de4448a201db6c54444b0e",
    "platforms": {},
    "shadow": {
        "br": 0,
        "color": "000000",
        "inner": false,
        "x": 0,
        "y": 0
    },
    "text_shadow": {
        "br": 0,
        "color": "000000",
        "x": 0,
        "y": 0
    },
    "top_left_border_color": "00000000",
    "top_left_border_radius": 10,
    "top_left_border_width": 0,
    "top_right_border_color": "00000000",
    "top_right_border_radius": 10,
    "top_right_border_width": 0,
    "vizChannel": "default",
    "wType": "TextField"
}