{
    "@class": "com.kony.gen.skin.model.KVizSkin",
    "applicableblockedUIWidget": "Button",
    "background_color": "ffffff00",
    "bg_type": "one",
    "border_color": "00000000",
    "border_radius": 15,
    "border_style": "custom",
    "border_type": 0,
    "border_width": 1,
    "font_color": "00000000",
    "font_size": 100,
    "font_weight": "normal",
    "isDefaultSkin": false,
    "isForked": false,
    "kuid": "s1213e6fabd04c939cfa6bec2b33ae13",
    "platforms": {},
    "shadow": {
        "br": 0,
        "color": "000000",
        "inner": false,
        "x": 0,
        "y": 0
    },
    "wType": "Segment"
}