{
    "@class": "com.kony.gen.skin.model.KVizSkin",
    "background_color": "ffffffff",
    "bg_type": "one",
    "border_color": "00000000",
    "border_style": "plain",
    "border_type": 0,
    "border_width": 0,
    "font_color": "00000000",
    "font_size": 100,
    "font_style": "normal",
    "font_weight": "normal",
    "isDefaultSkin": true,
    "kuid": "sf151d98fbbd4190bf621037223c9228",
    "platforms": {
        "spaan": {
            "@class": "com.kony.gen.skin.model.KVizSPAAndroidSkin",
            "bottom_left_border_color": "00000000",
            "bottom_left_border_style": "plain",
            "bottom_left_border_width": 0,
            "bottom_right_border_color": "00000000",
            "bottom_right_border_style": "plain",
            "bottom_right_border_width": 0,
            "font_size": 115,
            "isForked": true,
            "top_left_border_color": "00000000",
            "top_left_border_style": "plain",
            "top_left_border_width": 0,
            "top_right_border_color": "00000000",
            "top_right_border_style": "plain",
            "top_right_border_width": 0,
            "wType": "Label"
        },
        "spaandroidtablet": {
            "@class": "com.kony.gen.skin.model.KVizSPAAndroidTabletSkin",
            "bottom_left_border_color": "00000000",
            "bottom_left_border_style": "plain",
            "bottom_left_border_width": 0,
            "bottom_right_border_color": "00000000",
            "bottom_right_border_style": "plain",
            "bottom_right_border_width": 0,
            "font_size": 115,
            "isForked": true,
            "top_left_border_color": "00000000",
            "top_left_border_style": "plain",
            "top_left_border_width": 0,
            "top_right_border_color": "00000000",
            "top_right_border_style": "plain",
            "top_right_border_width": 0,
            "wType": "Label"
        },
        "spaip": {
            "@class": "com.kony.gen.skin.model.KVizSPAIPhoneSkin",
            "bottom_left_border_color": "00000000",
            "bottom_left_border_style": "plain",
            "bottom_left_border_width": 0,
            "bottom_right_border_color": "00000000",
            "bottom_right_border_style": "plain",
            "bottom_right_border_width": 0,
            "font_size": 115,
            "font_weight": "normal",
            "isForked": true,
            "top_left_border_color": "00000000",
            "top_left_border_style": "plain",
            "top_left_border_width": 0,
            "top_right_border_color": "00000000",
            "top_right_border_style": "plain",
            "top_right_border_width": 0,
            "wType": "Label"
        },
        "spaipad": {
            "@class": "com.kony.gen.skin.model.KVizSPAIPadSkin",
            "bottom_left_border_color": "00000000",
            "bottom_left_border_style": "plain",
            "bottom_left_border_width": 0,
            "bottom_right_border_color": "00000000",
            "bottom_right_border_style": "plain",
            "bottom_right_border_width": 0,
            "font_size": 115,
            "font_weight": "normal",
            "isForked": true,
            "top_left_border_color": "00000000",
            "top_left_border_style": "plain",
            "top_left_border_width": 0,
            "top_right_border_color": "00000000",
            "top_right_border_style": "plain",
            "top_right_border_width": 0,
            "wType": "Label"
        }
    },
    "wType": "Label"
}