{
    "@class": "com.kony.gen.skin.model.KVizSkin",
    "applicableblockedUIWidget": "Button",
    "background_color": "7e7e7e00",
    "bg_type": "one",
    "border_color": "ffffff00",
    "border_style": "plain",
    "border_type": 0,
    "border_width": 0,
    "bottom_left_border_color": "00000000",
    "bottom_left_border_radius": 10,
    "bottom_left_border_width": 0,
    "bottom_right_border_color": "00000000",
    "bottom_right_border_radius": 10,
    "bottom_right_border_width": 0,
    "font_color": "00000000",
    "font_size": 100,
    "font_weight": "normal",
    "gridLineColor": "0000000",
    "isForked": false,
    "kuid": "s9c73d115d214b0d96603a4b4109a1b1",
    "platforms": {},
    "shadow": {
        "br": 0,
        "color": "000000",
        "inner": true,
        "x": 0,
        "y": 0
    },
    "text_shadow": {
        "br": 0,
        "color": "000000",
        "x": 0,
        "y": 0
    },
    "top_left_border_color": "00000000",
    "top_left_border_radius": 10,
    "top_left_border_width": 0,
    "top_right_border_color": "00000000",
    "top_right_border_radius": 10,
    "top_right_border_width": 0,
    "vizChannel": "default",
    "wType": "Form"
}