{
    "@class": "com.kony.gen.viz.model.component.KVizButton",
    "DNDConfig": null,
    "__parentReadjusting__": false,
    "_height_": {
        "type": "string",
        "value": "64px"
    },
    "_left_": {
        "type": "string",
        "value": "28dp"
    },
    "_margin_": [
        6,
        6,
        6,
        6
    ],
    "_padding_": [
        0,
        0,
        0,
        0
    ],
    "_render_": true,
    "_skin_": "CopyslButtonGlossBlue08c69ef24c6f749",
    "_text_": "Button",
    "_top_": {
        "type": "string",
        "value": "19dp"
    },
    "_width_": {
        "type": "string",
        "value": "64px"
    },
    "canUpdateUI": true,
    "centerX": "10%",
    "centerY": "50%",
    "centerx": {
        "type": "string",
        "value": "10%"
    },
    "centery": {
        "type": "string",
        "value": "50%"
    },
    "channel": "mobile",
    "containerWeight": 100,
    "containerweight": 100,
    "contentAlignment": 5,
    "contentalignment": 5,
    "displayText": false,
    "displaytext": false,
    "enabled": false,
    "focusSkin": "CopyslButtonGlossRed0b9d5889119e944",
    "focusskin": "CopyslButtonGlossRed0b9d5889119e944",
    "hExpand": true,
    "height": {
        "type": "string",
        "value": "64px"
    },
    "hexpand": true,
    "id": "btnBack",
    "info": null,
    "isVisible": true,
    "isvisible": true,
    "kuid": "c5959e3dde1548c6a30a9c4dd085c5cf",
    "left": {
        "type": "string",
        "value": "28dp"
    },
    "margin": [
        6,
        6,
        6,
        6
    ],
    "marginInPixel": false,
    "margininpixel": false,
    "name": "kony.ui.Button",
    "padding": [
        0,
        0,
        0,
        0
    ],
    "paddingInPixel": false,
    "paddinginpixel": false,
    "parent": "FlexContainerHeader",
    "pf": "frmCategoryLists",
    "platforms": {
        "android": {
            "@class": "com.kony.gen.viz.model.component.property.button.AndroidButtonProperty",
            "displayText": false,
            "render": true
        },
        "iphone": {
            "@class": "com.kony.gen.viz.model.component.property.button.IPhoneButtonProperty",
            "displayText": false,
            "render": true
        },
        "spa": {
            "@class": "com.kony.gen.viz.model.component.property.button.SPAButtonProperty",
            "displayText": false
        },
        "spaan": {
            "@class": "com.kony.gen.viz.model.component.property.button.SPAAndroidButtonProperty",
            "render": true
        },
        "spaip": {
            "@class": "com.kony.gen.viz.model.component.property.button.SPAIPhoneButtonProperty",
            "render": true
        },
        "spawinphone8": {
            "@class": "com.kony.gen.viz.model.component.property.button.SPAWinPhone8ButtonProperty",
            "render": true
        },
        "winphone8": {
            "@class": "com.kony.gen.viz.model.component.property.button.WinPhone8ButtonProperty",
            "displayText": false,
            "render": true
        }
    },
    "render": true,
    "skin": "CopyslButtonGlossBlue08c69ef24c6f749",
    "text": "Button",
    "top": {
        "type": "string",
        "value": "19dp"
    },
    "vExpand": false,
    "vexpand": false,
    "wType": "Button",
    "widgetAlignment": 5,
    "widgetalignment": 5,
    "width": {
        "type": "string",
        "value": "64px"
    },
    "zIndex": 1,
    "zindex": 1
}