{
    "@class": "com.kony.gen.viz.model.component.KVizButton",
    "DNDConfig": null,
    "__parentReadjusting__": false,
    "_height_": {
        "type": "string",
        "value": "60px"
    },
    "_left_": {
        "type": "string",
        "value": "65%"
    },
    "_margin_": [
        6,
        6,
        6,
        6
    ],
    "_padding_": [
        0,
        0,
        0,
        0
    ],
    "_render_": true,
    "_skin_": "CopyslButtonGlossBlue0331bc76efc5d40",
    "_text_": "Search",
    "_top_": {
        "type": "string",
        "value": "20%"
    },
    "_width_": {
        "type": "string",
        "value": "30%"
    },
    "canUpdateUI": true,
    "centerY": "45%",
    "centery": {
        "type": "string",
        "value": "45%"
    },
    "channel": "mobile",
    "containerWeight": 100,
    "containerweight": 100,
    "contentAlignment": 5,
    "contentalignment": 5,
    "displayText": true,
    "displaytext": true,
    "enabled": false,
    "focusSkin": "slButtonGlossRed",
    "focusskin": "slButtonGlossRed",
    "hExpand": true,
    "height": {
        "type": "string",
        "value": "60px"
    },
    "hexpand": true,
    "id": "btnSearch",
    "info": null,
    "isVisible": true,
    "isvisible": true,
    "kuid": "20caddcae92b4b9cb4e4c782c559291b",
    "left": {
        "type": "string",
        "value": "65%"
    },
    "margin": [
        6,
        6,
        6,
        6
    ],
    "marginInPixel": false,
    "margininpixel": false,
    "name": "kony.ui.Button",
    "padding": [
        0,
        0,
        0,
        0
    ],
    "paddingInPixel": false,
    "paddinginpixel": false,
    "parent": "FlexContainerSearch",
    "pf": "frmCategoryLists",
    "platforms": {
        "android": {
            "@class": "com.kony.gen.viz.model.component.property.button.AndroidButtonProperty",
            "displayText": true,
            "render": true
        },
        "iphone": {
            "@class": "com.kony.gen.viz.model.component.property.button.IPhoneButtonProperty",
            "displayText": true,
            "render": true
        },
        "spa": {
            "@class": "com.kony.gen.viz.model.component.property.button.SPAButtonProperty",
            "displayText": true
        },
        "spaan": {
            "@class": "com.kony.gen.viz.model.component.property.button.SPAAndroidButtonProperty",
            "render": true
        },
        "spaip": {
            "@class": "com.kony.gen.viz.model.component.property.button.SPAIPhoneButtonProperty",
            "render": true
        },
        "spawinphone8": {
            "@class": "com.kony.gen.viz.model.component.property.button.SPAWinPhone8ButtonProperty",
            "render": true
        },
        "winphone8": {
            "@class": "com.kony.gen.viz.model.component.property.button.WinPhone8ButtonProperty",
            "displayText": true,
            "render": true
        }
    },
    "render": true,
    "skin": "CopyslButtonGlossBlue0331bc76efc5d40",
    "text": "Search",
    "top": {
        "type": "string",
        "value": "20%"
    },
    "vExpand": false,
    "vexpand": false,
    "wType": "Button",
    "widgetAlignment": 5,
    "widgetalignment": 5,
    "width": {
        "type": "string",
        "value": "30%"
    },
    "zIndex": 1,
    "zindex": 1
}