{
    "@class": "com.kony.gen.viz.model.container.KVizScrollFlexForm",
    "DNDConfig": null,
    "_margin_": [
        0,
        0,
        0,
        0
    ],
    "_padding_": [
        0,
        0,
        0,
        0
    ],
    "_render_": true,
    "_skin_": "slForm",
    "allboxes": [],
    "allowHorizontalBounce": true,
    "allowVerticalBounce": true,
    "allowhorizontalbounce": true,
    "allowverticalbounce": true,
    "bounces": true,
    "canUpdateUI": true,
    "channel": "mobile",
    "children": [
        "FlexContainerHeader",
        "FlexContainerSearch",
        "segmentCategoryLists"
    ],
    "configureStatusBarStyle": false,
    "containerWeight": 100,
    "containerheightreference": 1,
    "containerweight": 100,
    "contentOffset": {},
    "contentSize": {},
    "contentoffset": {},
    "contentsize": {},
    "currentLocale": null,
    "defaultUnit": 2,
    "defaultunit": 2,
    "device": "iPhone6",
    "displayOrientation": 1,
    "displayorientation": 1,
    "enableScrolling": true,
    "enablescrolling": true,
    "extendBottom": false,
    "extendTop": false,
    "footerOverlap": false,
    "footeroverlap": false,
    "headerOverlap": false,
    "headeroverlap": false,
    "horizontalscrollindicator": true,
    "id": "frmCategoryLists",
    "ide_init": "frmCategoryLists_frmCategoryLists_init_seq0",
    "inTransitionConfig": {
        "transitionDirection": "none",
        "transitionEffect": "none"
    },
    "inputAccessoryViewType": 4,
    "intransitionconfig": {
        "transitionDirection": "none",
        "transitionEffect": "none"
    },
    "isVisible": true,
    "ismodal": false,
    "isvisible": true,
    "kuid": "b453f4b3077e416f8eae1c7e5c9c5d2a",
    "layoutType": 2,
    "layouttype": 2,
    "margin": [
        0,
        0,
        0,
        0
    ],
    "marginInPixel": false,
    "margininpixel": false,
    "menuPosition": 2,
    "menuposition": 2,
    "name": "kony.ui.Form2",
    "needAppMenu": true,
    "needappmenu": true,
    "outTransitionConfig": {
        "transitionDirection": "none",
        "transitionEffect": "none"
    },
    "outtransitionconfig": {
        "transitionDirection": "none",
        "transitionEffect": "none"
    },
    "padding": [
        0,
        0,
        0,
        0
    ],
    "paddingInPixel": false,
    "paddinginpixel": false,
    "pagingEnabled": false,
    "pagingenabled": false,
    "platform": "iphone",
    "platforms": {
        "android": {
            "@class": "com.kony.gen.viz.model.container.property.scrollflexform.AndroidScrollFlexFormProperty",
            "displayOrientation": 1,
            "footerOverlap": false,
            "headerOverlap": false,
            "inTransitionConfig": {
                "formAnimation": 0
            },
            "isModal": false,
            "menuPosition": 2,
            "needAppMenu": true,
            "outTransitionConfig": {
                "formAnimation": 0
            },
            "psp": {
                "@class": "com.kony.gen.viz.model.container.psp.scrollflexform.AndroidScrollFlexFormPSP",
                "windowSoftInputMode": 1
            },
            "render": true
        },
        "iphone": {
            "@class": "com.kony.gen.viz.model.container.property.scrollflexform.IPhoneScrollFlexFormProperty",
            "displayOrientation": 1,
            "footerOverlap": false,
            "headerOverlap": false,
            "inTransitionConfig": {
                "transitionDirection": "none",
                "transitionEffect": "none"
            },
            "isModal": false,
            "needAppMenu": true,
            "outTransitionConfig": {
                "transitionDirection": "none",
                "transitionEffect": "none"
            },
            "psp": {
                "@class": "com.kony.gen.viz.model.container.psp.scrollflexform.IPhoneScrollFlexFormPSP",
                "bounces": true,
                "configureExtendBottom": false,
                "configureExtendTop": false,
                "configureStatusBarStyle": false,
                "extendBottom": false,
                "extendTop": false,
                "inputAccessoryViewType": 4,
                "maxZoomScale": 1,
                "minZoomScale": 1,
                "statusBarStyle": "STATUS_BAR_STYLE_DEFAULT",
                "titleBarConfig": {
                    "buttonText": "Edit",
                    "leftButtonText": "Back",
                    "leftTitle": "Back",
                    "prevFormTitle": false,
                    "renderTitleText": true,
                    "rightTitle": "Edit",
                    "titleBarLeftSideView": "button",
                    "titleBarRightSideView": "button",
                    "visible": true
                },
                "zoomScale": 1
            },
            "render": true,
            "titleBar": true
        },
        "spa": {
            "@class": "com.kony.gen.viz.model.container.property.scrollflexform.SPAScrollFlexFormProperty",
            "displayOrientation": 1,
            "inTransitionConfig": {
                "formTransition": "none"
            },
            "isModal": false,
            "outTransitionConfig": {
                "formTransition": "none"
            }
        },
        "spaan": {
            "@class": "com.kony.gen.viz.model.container.property.scrollflexform.SPAAndroidScrollFlexFormProperty",
            "needAppMenu": true,
            "render": true
        },
        "spaip": {
            "@class": "com.kony.gen.viz.model.container.property.scrollflexform.SPAIPhoneScrollFlexFormProperty",
            "needAppMenu": true,
            "render": true
        },
        "spawinphone8": {
            "@class": "com.kony.gen.viz.model.container.property.scrollflexform.SPAWinPhone8ScrollFlexFormProperty",
            "needAppMenu": true,
            "render": true
        },
        "winphone8": {
            "@class": "com.kony.gen.viz.model.container.property.scrollflexform.WinPhone8ScrollFlexFormProperty",
            "displayOrientation": 1,
            "inTransitionConfig": {
                "transitionSpeed": 0
            },
            "needAppMenu": true,
            "outTransitionConfig": {
                "transitionSpeed": 0
            },
            "psp": {
                "@class": "com.kony.gen.viz.model.container.psp.scrollflexform.WinPhone8ScrollFlexFormPSP",
                "animateHeaderFooter": false,
                "maxAppMenuButtons": 4
            },
            "render": true
        }
    },
    "prevDevice": "iPhone6",
    "prevPlatform": "iphone",
    "render": true,
    "retainScrollPosition": false,
    "retainscrollposition": false,
    "scrolldirection": 2,
    "shellCSS": "iOS_iPhone6",
    "skin": "slForm",
    "statusBarStyle": "STATUS_BAR_STYLE_DEFAULT",
    "titleBar": true,
    "titleBarModel": {
        "DNDConfig": null,
        "_margin_": [
            0,
            0,
            0,
            0
        ],
        "_padding_": [
            0,
            0,
            0,
            0
        ],
        "_skin_": "sf612cfb7256477480a5ba948684e877",
        "_text_": "",
        "_visible_": true,
        "buttonClosureLeftSideView": "",
        "buttonClosureRightSideView": "",
        "buttonText": "Edit",
        "buttonclosureleftsideview": "",
        "buttonclosurerightsideview": "",
        "buttontext": "Edit",
        "canUpdateUI": true,
        "containerWeight": 0,
        "containerweight": 0,
        "enabled": false,
        "id": "frmCategoryLists_titleBar",
        "info": null,
        "isVisible": true,
        "isvisible": true,
        "leftButtonText": "Back",
        "leftTitle": "Back",
        "leftbuttontext": "Back",
        "lefttitle": "Back",
        "margin": [
            0,
            0,
            0,
            0
        ],
        "name": "kony.ui.TitleBar",
        "osPlatform": "",
        "osVersion": "iOS7",
        "padding": [
            0,
            0,
            0,
            0
        ],
        "prevFormTitle": false,
        "prevformtitle": false,
        "render": true,
        "renderTitleText": true,
        "rendertitletext": true,
        "rightTitle": "Edit",
        "righttitle": "Edit",
        "skin": "sf612cfb7256477480a5ba948684e877",
        "text": "",
        "titleBarLeftSideView": "button",
        "titleBarRightSideView": "button",
        "titleClosureLeftSideView": "",
        "titleClosureRightSideView": "",
        "titlebarleftsideview": "button",
        "titlebarrightsideview": "button",
        "titleclosureleftsideview": "",
        "titleclosurerightsideview": "",
        "visible": true,
        "wType": "TitleBar",
        "widgetAlignment": 5
    },
    "titleBarSkin": "slTitleBar",
    "titlebar": true,
    "transparencybehindthepopup": 100,
    "type": 3,
    "verticalscrollindicator": true,
    "wType": "Form",
    "widgetAlignment": 1,
    "widgetalignment": 1,
    "zIndex": 1,
    "zindex": 1
}