{
    "@class": "com.kony.gen.viz.model.container.KVizSegment2",
    "DNDConfig": null,
    "__parentReadjusting__": false,
    "_height_": {
        "type": "string",
        "value": "433dp"
    },
    "_left_": {
        "type": "string",
        "value": "-2dp"
    },
    "_margin_": [
        0,
        0,
        0,
        0
    ],
    "_orientation_": 2,
    "_padding_": [
        0,
        0,
        0,
        0
    ],
    "_render_": true,
    "_rowTemplateId": "flexContainer149528778311068",
    "_top_": {
        "type": "string",
        "value": "135dp"
    },
    "_width_": {
        "type": "string",
        "value": "100%"
    },
    "bounces": true,
    "canUpdateUI": true,
    "channel": "mobile",
    "containerWeight": 100,
    "containerweight": 100,
    "context": {
        "channel": "mobile",
        "platform": "iphone",
        "templateType": "segments",
        "topLevelBox": false
    },
    "counter": 3,
    "dataWithoutSections": [
        {},
        {},
        {}
    ],
    "editStyle": "none",
    "enableDictionary": false,
    "enabled": false,
    "focusedindex": null,
    "focuseditem": null,
    "generatedTemplate": "flexContainer149528778311068",
    "generatedtemplate": "flexContainer149528778311068",
    "groupCells": false,
    "groupcells": false,
    "hasSections": false,
    "height": {
        "type": "string",
        "value": "433dp"
    },
    "id": "segmentCategoryLists",
    "indicator": "rowselect",
    "info": null,
    "isVisible": true,
    "isvisible": true,
    "kuid": "554f08bf68b444da8fff49106b1e1cd8",
    "left": {
        "type": "string",
        "value": "-2dp"
    },
    "margin": [
        0,
        0,
        0,
        0
    ],
    "marginInPixel": false,
    "margininpixel": false,
    "name": "kony.ui.SegmentedUI2",
    "needPageIndicator": true,
    "needpageindicator": true,
    "orientation": 2,
    "padding": [
        0,
        0,
        0,
        0
    ],
    "paddingInPixel": false,
    "paddinginpixel": false,
    "pageOffDotImage": "pageOffDot.png",
    "pageOnDotImage": "pageOnDot.png",
    "pageoffdotimage": "pageOffDot.png",
    "pageondotimage": "pageOnDot.png",
    "paginationconfig": {
        "position": "bottom"
    },
    "parent": "frmCategoryLists",
    "pf": "frmCategoryLists",
    "platforms": {
        "android": {
            "@class": "com.kony.gen.viz.model.container.property.segment2.AndroidSegment2Property",
            "render": true,
            "viewConfig": {
                "coverflowConfig": {
                    "isCircular": true,
                    "projectionAngle": 60
                }
            },
            "viewType": "tableview"
        },
        "iphone": {
            "@class": "com.kony.gen.viz.model.container.property.segment2.IPhoneSegment2Property",
            "psp": {
                "@class": "com.kony.gen.viz.model.container.psp.segment2.IPhoneSegment2PSP",
                "bounces": true,
                "editStyle": "none",
                "enableDictionary": false,
                "indicator": "rowselect",
                "progressIndicatorColor": "white",
                "showProgressIndicator": true
            },
            "render": true,
            "viewConfig": {
                "coverflowConfig": {}
            },
            "viewType": "tableview"
        },
        "spa": {
            "@class": "com.kony.gen.viz.model.container.property.segment2.SPASegment2Property"
        },
        "spaan": {
            "@class": "com.kony.gen.viz.model.container.property.segment2.SPAAndroidSegment2Property",
            "render": true
        },
        "spaip": {
            "@class": "com.kony.gen.viz.model.container.property.segment2.SPAIPhoneSegment2Property",
            "render": true
        },
        "spawinphone8": {
            "@class": "com.kony.gen.viz.model.container.property.segment2.SPAWinPhone8Segment2Property",
            "render": true
        },
        "winphone8": {
            "@class": "com.kony.gen.viz.model.container.property.segment2.WinPhone8Segment2Property",
            "render": true
        }
    },
    "progressIndicatorColor": "white",
    "render": true,
    "retainSelection": false,
    "retainselection": false,
    "rowFocusSkin": "seg2Focus",
    "rowSkin": "Copyseg02e7c959aebe84d",
    "rowTemplateId": "flexContainer149528778311068",
    "rowcounter": 2,
    "rowfocusskin": "seg2Focus",
    "rowskin": "Copyseg02e7c959aebe84d",
    "rowtemplate": "flexContainer149528778311068",
    "screenLevelWidget": false,
    "screenlevelwidget": false,
    "scrollingEvents": false,
    "scrollingevents": false,
    "seccounter": 0,
    "sectionHeaderSkin": "sliPhoneSegmentHeader",
    "sectionheaderskin": "sliPhoneSegmentHeader",
    "selectedIndex": null,
    "selectedIndices": null,
    "selectedItems": null,
    "selectedRows": null,
    "selectedState": false,
    "selectedindex": null,
    "selectedindices": null,
    "selecteditems": null,
    "selectedsectionindex": 0,
    "selectionBehavior": "default",
    "selectionBehaviorConfig": {},
    "selectionbehavior": "default",
    "selectionbehaviorconfig": {},
    "separatorColor": "64646400",
    "separatorRequired": true,
    "separatorThickness": 1,
    "separatorcolor": "64646400",
    "separatorrequired": true,
    "separatorthickness": 1,
    "showProgressIndicator": true,
    "showScrollbars": false,
    "showscrollbars": false,
    "top": {
        "type": "string",
        "value": "135dp"
    },
    "viewType": "tableview",
    "viewtype": "tableview",
    "wType": "Segment",
    "widgetAlignment": 5,
    "widgetDataMap": {
        "lblTitle": "lblTitle"
    },
    "widgetSkin": "Copyseg08accc9aebd054d",
    "widgetalignment": 5,
    "widgetdatamap": {
        "lblTitle": "lblTitle"
    },
    "widgetskin": "Copyseg08accc9aebd054d",
    "width": {
        "type": "string",
        "value": "100%"
    },
    "zIndex": 1,
    "zindex": 1
}