{
    "@class": "com.kony.gen.viz.model.component.KVizTextBox2",
    "DNDConfig": null,
    "__parentReadjusting__": false,
    "_height_": {
        "type": "string",
        "value": "55px"
    },
    "_left_": {
        "type": "string",
        "value": "7dp"
    },
    "_margin_": [
        0,
        0,
        0,
        0
    ],
    "_padding_": [
        0,
        0,
        0,
        0
    ],
    "_placeholder_": "enter keywords...",
    "_render_": true,
    "_skin_": "CopyslTextBox036c490cb58ba48",
    "_text_": "",
    "_top_": {
        "type": "string",
        "value": "10.29%"
    },
    "_width_": {
        "type": "string",
        "value": "217dp"
    },
    "autoCapitalize": "none",
    "autoComplete": false,
    "autoCorrect": false,
    "autoFilter": false,
    "autocapitalize": "none",
    "autocomplete": false,
    "autocorrect": false,
    "autofilter": false,
    "canUpdateUI": true,
    "channel": "mobile",
    "closeButtonText": "Done",
    "containerHeightMode": 1,
    "containerHeightReference": 1,
    "containerWeight": 100,
    "containerheightmode": 1,
    "containerheightreference": 1,
    "containerweight": 100,
    "contentAlignment": 4,
    "contentalignment": 4,
    "enabled": false,
    "hExpand": true,
    "height": {
        "type": "string",
        "value": "55px"
    },
    "hexpand": true,
    "id": "tbxSearch",
    "info": null,
    "isVisible": true,
    "isvisible": true,
    "keyBoardStyle": "A",
    "keyboardActionLabel": 1,
    "keyboardstyle": "A",
    "keyboardtype": "A",
    "kuid": "7e336b9d7d1b46d7830cdc350efdc3bb",
    "left": {
        "type": "string",
        "value": "7dp"
    },
    "margin": [
        0,
        0,
        0,
        0
    ],
    "marginInPixel": false,
    "margininpixel": false,
    "mode": "A",
    "name": "kony.ui.TextBox2",
    "padding": [
        0,
        0,
        0,
        0
    ],
    "paddingInPixel": false,
    "paddinginpixel": false,
    "parent": "FlexContainerSearch",
    "pasteboardType": 1,
    "pf": "frmCategoryLists",
    "placeholder": "enter keywords...",
    "platforms": {
        "android": {
            "@class": "com.kony.gen.viz.model.component.property.textbox2.AndroidTextBox2Property",
            "autoFilter": false,
            "containerHeightMode": 1,
            "keyBoardStyle": "A",
            "psp": {
                "@class": "com.kony.gen.viz.model.component.psp.textbox2.AndroidTextBox2PSP",
                "keyboardActionLabel": 12
            },
            "render": true,
            "viewType": "default"
        },
        "iphone": {
            "@class": "com.kony.gen.viz.model.component.property.textbox2.IPhoneTextBox2Property",
            "containerHeightMode": 1,
            "psp": {
                "@class": "com.kony.gen.viz.model.component.psp.textbox2.IPhoneTextBox2PSP",
                "autoCorrect": false,
                "closeButtonText": "Done",
                "keyboardActionLabel": 1,
                "pasteboardType": 1,
                "showClearButton": true,
                "showCloseButton": true,
                "showProgressIndicator": true
            },
            "render": true,
            "viewType": "default"
        },
        "spa": {
            "@class": "com.kony.gen.viz.model.component.property.textbox2.SPATextBox2Property",
            "containerHeightMode": 1
        },
        "spaan": {
            "@class": "com.kony.gen.viz.model.component.property.textbox2.SPAAndroidTextBox2Property",
            "render": true
        },
        "spaip": {
            "@class": "com.kony.gen.viz.model.component.property.textbox2.SPAIPhoneTextBox2Property",
            "render": true
        },
        "spawinphone8": {
            "@class": "com.kony.gen.viz.model.component.property.textbox2.SPAWinPhone8TextBox2Property",
            "render": true
        },
        "winphone8": {
            "@class": "com.kony.gen.viz.model.component.property.textbox2.WinPhone8TextBox2Property",
            "autoFilter": false,
            "containerHeightMode": 1,
            "render": true
        }
    },
    "render": true,
    "secureTextEntry": false,
    "securetextentry": false,
    "showClearButton": true,
    "showCloseButton": true,
    "showProgressIndicator": true,
    "skin": "CopyslTextBox036c490cb58ba48",
    "text": "",
    "textInputMode": "A",
    "textinputmode": "A",
    "top": {
        "type": "string",
        "value": "10.29%"
    },
    "vExpand": false,
    "vexpand": false,
    "viewType": "default",
    "viewtype": "default",
    "wType": "TextField",
    "widgetAlignment": 5,
    "widgetalignment": 5,
    "width": {
        "type": "string",
        "value": "217dp"
    },
    "zIndex": 1,
    "zindex": 1
}