{
    "@class": "com.kony.gen.viz.model.container.KVizFlex",
    "DNDConfig": null,
    "_height_": {
        "type": "string",
        "value": "40dp"
    },
    "_margin_": [
        0,
        0,
        0,
        0
    ],
    "_padding_": [
        0,
        0,
        0,
        0
    ],
    "_render_": true,
    "_skin_": "noSkinFlexContainer",
    "_width_": {
        "type": "string",
        "value": "100%"
    },
    "allboxes": [],
    "channel": "mobile",
    "children": [
        "lblTitle"
    ],
    "clipBounds": true,
    "clipbounds": true,
    "containerId": true,
    "containerWeight": 100,
    "containerweight": 100,
    "defaultUnit": 2,
    "defaultunit": 2,
    "genericProperties": {
        "render": true
    },
    "height": {
        "type": "string",
        "value": "40dp"
    },
    "id": "flexContainer149528778311068",
    "isGeneratedTemplate": true,
    "isTemplate": true,
    "isVisible": true,
    "isvisible": true,
    "kuid": "p2kwiet149528778366",
    "layoutType": 2,
    "layouttype": 2,
    "margin": [
        0,
        0,
        0,
        0
    ],
    "marginInPixel": false,
    "margininpixel": false,
    "name": "kony.ui.FlexContainer",
    "padding": [
        0,
        0,
        0,
        0
    ],
    "paddingInPixel": false,
    "paddinginpixel": false,
    "pf": "flexContainer149528778311068",
    "platforms": {
        "android": {
            "@class": "com.kony.gen.viz.model.container.property.flex.AndroidFlexProperty",
            "_render_": true,
            "render": true
        },
        "iphone": {
            "@class": "com.kony.gen.viz.model.container.property.flex.IPhoneFlexProperty",
            "_render_": true,
            "render": true
        },
        "spa": {
            "@class": "com.kony.gen.viz.model.container.property.flex.SPAFlexProperty"
        },
        "spaan": {
            "@class": "com.kony.gen.viz.model.container.property.flex.SPAAndroidFlexProperty",
            "_render_": true,
            "render": true
        },
        "spaip": {
            "@class": "com.kony.gen.viz.model.container.property.flex.SPAIPhoneFlexProperty",
            "_render_": true,
            "render": true
        },
        "spawinphone8": {
            "@class": "com.kony.gen.viz.model.container.property.flex.SPAWinPhone8FlexProperty",
            "_render_": true,
            "render": true
        },
        "winphone8": {
            "@class": "com.kony.gen.viz.model.container.property.flex.WinPhone8FlexProperty",
            "_render_": true,
            "render": true
        }
    },
    "render": true,
    "skin": "noSkinFlexContainer",
    "wType": "FlexContainer",
    "widgetAlignment": 1,
    "widgetalignment": 1,
    "width": {
        "type": "string",
        "value": "100%"
    },
    "zIndex": 1,
    "zindex": 1
}