{
    "@class": "com.kony.gen.viz.model.component.KVizLabel",
    "DNDConfig": null,
    "__parentReadjusting__": false,
    "_height_": {
        "type": "string",
        "value": "41dp"
    },
    "_left_": {
        "type": "string",
        "value": "1dp"
    },
    "_margin_": [
        0,
        0,
        0,
        0
    ],
    "_padding_": [
        0,
        0,
        0,
        0
    ],
    "_render_": true,
    "_skin_": "noSkinLabel",
    "_text_": "Label",
    "_top_": {
        "type": "string",
        "value": "0dp"
    },
    "_width_": {
        "type": "string",
        "value": "439dp"
    },
    "canUpdateUI": true,
    "channel": "mobile",
    "containerId": true,
    "containerWeight": 0,
    "containerweight": 0,
    "contentAlignment": 4,
    "contentalignment": 4,
    "enabled": false,
    "hExpand": true,
    "height": {
        "type": "string",
        "value": "41dp"
    },
    "hexpand": true,
    "id": "lblTitle",
    "info": null,
    "isVisible": true,
    "isvisible": true,
    "kuid": "p2kwiet149528778365",
    "left": {
        "type": "string",
        "value": "1dp"
    },
    "margin": [
        0,
        0,
        0,
        0
    ],
    "marginInPixel": false,
    "margininpixel": false,
    "name": "kony.ui.Label",
    "padding": [
        0,
        0,
        0,
        0
    ],
    "paddingInPixel": false,
    "paddinginpixel": false,
    "parent": "flexContainer149528778311068",
    "pasteboardType": 2,
    "pf": "flexContainer149528778311068",
    "platforms": {
        "android": {
            "@class": "com.kony.gen.viz.model.component.property.label.AndroidLabelProperty",
            "psp": {
                "@class": "com.kony.gen.viz.model.component.psp.label.AndroidLabelPSP",
                "textCopyable": false
            },
            "render": true
        },
        "iphone": {
            "@class": "com.kony.gen.viz.model.component.property.label.IPhoneLabelProperty",
            "_margin_": [
                0,
                0,
                0,
                0
            ],
            "margin": [
                0,
                0,
                0,
                0
            ],
            "marginInPixel": false,
            "psp": {
                "@class": "com.kony.gen.viz.model.component.psp.label.IPhoneLabelPSP",
                "pasteboardType": 2,
                "textCopyable": false
            },
            "render": true
        },
        "spa": {
            "@class": "com.kony.gen.viz.model.component.property.label.SPALabelProperty",
            "psp": {
                "@class": "com.kony.gen.viz.model.component.psp.label.SPALabelPSP",
                "textCopyable": false
            }
        },
        "spaan": {
            "@class": "com.kony.gen.viz.model.component.property.label.SPAAndroidLabelProperty",
            "render": true
        },
        "spaip": {
            "@class": "com.kony.gen.viz.model.component.property.label.SPAIPhoneLabelProperty",
            "render": true
        },
        "spawinphone8": {
            "@class": "com.kony.gen.viz.model.component.property.label.SPAWinPhone8LabelProperty",
            "render": true
        },
        "winphone8": {
            "@class": "com.kony.gen.viz.model.component.property.label.WinPhone8LabelProperty",
            "_margin_": [
                0,
                0,
                0,
                0
            ],
            "margin": [
                0,
                0,
                0,
                0
            ],
            "marginInPixel": false,
            "render": true
        }
    },
    "render": true,
    "skin": "noSkinLabel",
    "text": "Label",
    "toolTip": "",
    "tooltip": "",
    "top": {
        "type": "string",
        "value": "0dp"
    },
    "vExpand": false,
    "vexpand": false,
    "wType": "Label",
    "widgetAlignment": 5,
    "widgetalignment": 5,
    "width": {
        "type": "string",
        "value": "439dp"
    },
    "zIndex": 1,
    "zindex": 1
}