{
    "forms": {
        "mobile": {
            "4b79c3fc11764be0b8472201b72db6b1": {
                "12b1647995d34b4bac1f176d30615bf1": {
                    "platforms": {
                        "android": {},
                        "iphone": {},
                        "spa": {},
                        "spaan": {},
                        "spaip": {},
                        "spawinphone8": {},
                        "winphone8": {}
                    }
                },
                "428d6c0626dc4e8a84db6cbc1f17edb5": {
                    "platforms": {
                        "android": {},
                        "iphone": {},
                        "spa": {},
                        "spaan": {},
                        "spaip": {},
                        "spawinphone8": {},
                        "winphone8": {}
                    }
                },
                "4b79c3fc11764be0b8472201b72db6b1": {
                    "platforms": {
                        "android": {
                            "psp": {}
                        },
                        "iphone": {
                            "psp": {}
                        },
                        "spa": {},
                        "spaan": {},
                        "spaip": {},
                        "spawinphone8": {},
                        "winphone8": {
                            "psp": {}
                        }
                    }
                },
                "62e752ac1881493983283fc6e2d5d6c6": {
                    "platforms": {
                        "android": {},
                        "iphone": {},
                        "spa": {},
                        "spaan": {},
                        "spaip": {},
                        "spawinphone8": {},
                        "winphone8": {}
                    }
                },
                "aea11fd5d1d242518f46be6fc5e6ee22": {
                    "platforms": {
                        "android": {},
                        "iphone": {},
                        "spa": {},
                        "spaan": {},
                        "spaip": {},
                        "spawinphone8": {},
                        "winphone8": {}
                    }
                }
            },
            "b453f4b3077e416f8eae1c7e5c9c5d2a": {
                "20caddcae92b4b9cb4e4c782c559291b": {
                    "platforms": {
                        "android": {},
                        "iphone": {},
                        "spa": {},
                        "spaan": {},
                        "spaip": {},
                        "spawinphone8": {},
                        "winphone8": {}
                    }
                },
                "554f08bf68b444da8fff49106b1e1cd8": {
                    "platforms": {
                        "android": {},
                        "iphone": {
                            "psp": {}
                        },
                        "spa": {},
                        "spaan": {},
                        "spaip": {},
                        "spawinphone8": {},
                        "winphone8": {}
                    }
                },
                "718c5b675ae54851ae7fe4d2b11e4a46": {
                    "platforms": {
                        "android": {},
                        "iphone": {},
                        "spa": {},
                        "spaan": {},
                        "spaip": {},
                        "spawinphone8": {},
                        "winphone8": {}
                    }
                },
                "7e336b9d7d1b46d7830cdc350efdc3bb": {
                    "platforms": {
                        "android": {
                            "psp": {}
                        },
                        "iphone": {
                            "psp": {}
                        },
                        "spa": {},
                        "spaan": {},
                        "spaip": {},
                        "spawinphone8": {},
                        "winphone8": {}
                    }
                },
                "8bd54edf3eb14c1cac288e4faf2e53e2": {
                    "platforms": {
                        "android": {},
                        "iphone": {},
                        "spa": {},
                        "spaan": {},
                        "spaip": {},
                        "spawinphone8": {},
                        "winphone8": {}
                    }
                },
                "b453f4b3077e416f8eae1c7e5c9c5d2a": {
                    "platforms": {
                        "android": {
                            "psp": {}
                        },
                        "iphone": {
                            "psp": {}
                        },
                        "spa": {},
                        "spaan": {},
                        "spaip": {},
                        "spawinphone8": {},
                        "winphone8": {
                            "psp": {}
                        }
                    }
                },
                "b640c8514d8c48f5a3fb0a97d3716d40": {
                    "platforms": {
                        "android": {},
                        "iphone": {},
                        "spa": {},
                        "spaan": {},
                        "spaip": {},
                        "spawinphone8": {},
                        "winphone8": {}
                    }
                },
                "c5959e3dde1548c6a30a9c4dd085c5cf": {
                    "platforms": {
                        "android": {},
                        "iphone": {},
                        "spa": {},
                        "spaan": {},
                        "spaip": {},
                        "spawinphone8": {},
                        "winphone8": {}
                    }
                }
            },
            "b6b9af9149cf47b8b68ebbc5359efede": {
                "1bf2b5bb074e4421a4dc866bc7278ecb": {
                    "platforms": {
                        "android": {},
                        "iphone": {},
                        "spa": {},
                        "spaan": {},
                        "spaip": {},
                        "spawinphone8": {},
                        "winphone8": {}
                    }
                },
                "26c66bfb7b2c41939ee1578d607199fd": {
                    "platforms": {
                        "android": {},
                        "iphone": {},
                        "spa": {},
                        "spaan": {},
                        "spaip": {},
                        "spawinphone8": {},
                        "winphone8": {}
                    }
                },
                "49d3633ebda84f0e9993aaaec297f439": {
                    "platforms": {
                        "android": {},
                        "iphone": {},
                        "spa": {},
                        "spaan": {},
                        "spaip": {},
                        "spawinphone8": {},
                        "winphone8": {}
                    }
                },
                "688412c413e145f4b9b6a9aca9995c2e": {
                    "platforms": {
                        "android": {},
                        "iphone": {},
                        "spa": {},
                        "spaan": {},
                        "spaip": {},
                        "spawinphone8": {},
                        "winphone8": {}
                    }
                },
                "9ef0119e383e4ef5905987885901ea13": {
                    "platforms": {
                        "android": {},
                        "iphone": {},
                        "spa": {},
                        "spaan": {},
                        "spaip": {},
                        "spawinphone8": {},
                        "winphone8": {}
                    }
                },
                "b6b9af9149cf47b8b68ebbc5359efede": {
                    "platforms": {
                        "android": {
                            "psp": {}
                        },
                        "iphone": {
                            "psp": {}
                        },
                        "spa": {},
                        "spaan": {},
                        "spaip": {},
                        "spawinphone8": {},
                        "winphone8": {
                            "psp": {}
                        }
                    }
                },
                "f2ddcdab434e4ce287d2d895f8c1f4c9": {
                    "platforms": {
                        "android": {},
                        "iphone": {
                            "psp": {}
                        },
                        "spa": {},
                        "spaan": {},
                        "spaip": {},
                        "spawinphone8": {},
                        "winphone8": {}
                    }
                },
                "f335bd9b63334eabb3a079c1b3eda376": {
                    "platforms": {
                        "android": {},
                        "iphone": {},
                        "spa": {},
                        "spaan": {},
                        "spaip": {},
                        "spawinphone8": {},
                        "winphone8": {}
                    }
                },
                "fd9bf6b15f204e968cf7226c69b23354": {
                    "platforms": {
                        "android": {},
                        "iphone": {},
                        "spa": {},
                        "spaan": {},
                        "spaip": {},
                        "spawinphone8": {},
                        "winphone8": {}
                    }
                }
            }
        }
    },
    "templates": {
        "mobile": {
            "segments": {
                "p2kwiet149528778366": {
                    "p2kwiet149528778366": {
                        "platforms": {
                            "android": {},
                            "iphone": {},
                            "spa": {},
                            "spaan": {},
                            "spaip": {},
                            "spawinphone8": {},
                            "winphone8": {}
                        }
                    }
                }
            }
        }
    }
}