{"@class":"com.kony.gen.appprops.KVizAppProps","appidkey":"BestBuyApp","appmenu":{"desktop":{"data":[{"icon":{"default":"option1.png"},"id":"appmenuitemid1","kuid":"c27097df8d9d4184b874506780a52b9b","menuPSPs":{},"title":"Item 1"},{"icon":{"default":"option2.png"},"id":"appmenuitemid2","kuid":"adf2140e93e24703920d44b5bf9b339f","menuPSPs":{},"title":"Item 2"},{"icon":{"default":"option3.png"},"id":"appmenuitemid3","kuid":"f3b76e64d6254d159ff55e1730b74144","menuPSPs":{},"title":"Item 3"},{"icon":{"default":"option4.png"},"id":"appmenuitemid4","kuid":"009563121d3f4861bed61d297a1e279a","menuPSPs":{},"title":"Item 4"}]},"mobile":{"data":[{"icon":{"default":"option1.png"},"id":"appmenuitemid1","kuid":"a8444f04a96b49ef8d1b294e691e1129","menuPSPs":{"android":{"@class":"com.viz.ide.model.appmenu.psp.VizAndroidAppMenuPSP","showAsFlag":0}},"title":"Item 1"},{"icon":{"default":"option2.png"},"id":"appmenuitemid2","kuid":"516675ccbd2c40438a44aa5c8e3c6e97","menuPSPs":{"android":{"@class":"com.viz.ide.model.appmenu.psp.VizAndroidAppMenuPSP","showAsFlag":0}},"title":"Item 2"},{"icon":{"default":"option3.png"},"id":"appmenuitemid3","kuid":"5cefecf7947645aa9010cfc2706260d1","menuPSPs":{"android":{"@class":"com.viz.ide.model.appmenu.psp.VizAndroidAppMenuPSP","showAsFlag":0}},"title":"Item 3"},{"icon":{"default":"option4.png"},"id":"appmenuitemid4","kuid":"8e7d4fa22b9749d68e6f060a521c607b","menuPSPs":{"android":{"@class":"com.viz.ide.model.appmenu.psp.VizAndroidAppMenuPSP","showAsFlag":0}},"title":"Item 4"}]},"tablet":{"data":[{"icon":{"default":"option1.png"},"id":"appmenuitemid1","kuid":"ba05b61d9d704d029ba373713e241db4","menuPSPs":{},"title":"Item 1"},{"icon":{"default":"option2.png"},"id":"appmenuitemid2","kuid":"384543b6c89c4504ada2453fdc2a585e","menuPSPs":{},"title":"Item 2"},{"icon":{"default":"option3.png"},"id":"appmenuitemid3","kuid":"27a74f7468e243ad896378dff32a621d","menuPSPs":{},"title":"Item 3"},{"icon":{"default":"option4.png"},"id":"appmenuitemid4","kuid":"652683a5f7f344e4b719371f73a5b17f","menuPSPs":{},"title":"Item 4"}]},"wType":"Appmenu"},"appnamekey":"BestBuyApp","apppackagekey":"com.orgname.BestBuyApp","appversionkey":"1.0.0","build":"debug","createdgaversion":"6.0.0","currentgaversion":"6.0.2.GA_v201502111356","defaulttheme":"defaultTheme","desktopwebaligenmentoption":"left","desktopwebbasefontsize":"16","desktopwebwidthoption":"Percentage","desktopwebwidthval":"100","extendBottom":"false","extendTop":"false","ide_appEvents":{},"ipadlandscapemodekey":"portrait","iphonebundleidentifierkey":"com.kony.BestBuyApp","iphonebundleversionkey":"1.0","iphoneipadglossyeffectkey":"false","isNewAppWithRespectToAndroidPackageName":"true","konyVizVersion":"2.0","mwaddrkey":"10.175.70.129","mwhttpsportkey":"443","mwportkey":"8080","pasteboardType":"2","project_version":"sprint20","spaandroidtabbasefontsize":"17","spaipadbasefontsize":"17","startupformkey":"frmCategoryLists","statusBarHidden":"false","statusBarStyle":"STATUS_BAR_STYLE_DEFAULT","vendornamekey":"KonyLabs","wap_android240_fontsize":"10","wap_android320_fontsize":"12","wap_android360_fontsize":"13","wap_android400_fontsize":"14","wap_android440_fontsize":"15","wap_android480_fontsize":"16","wap_android640_fontsize":"19","wap_android_fontsize":"10","wap_ip_fontsize":"12","wap_spaandroidtab_fontsize":"17","wap_spaandroidtabhdpi_fontsize":"16","wap_spaandroidtabldpi_fontsize":"17","wap_spaandroidtabmdpi_fontsize":"14","wap_spaandroidtabxhdpi_fontsize":"18","wap_spaipad_fontsize":"17","winmangotiletitlekey":"BestBuyApp","winmobileguidkey":""}