{
    "@class": "com.kony.gen.viz.model.component.KVizLabel",
    "DNDConfig": null,
    "_height_": {
        "type": "string",
        "value": "55%"
    },
    "_left_": {
        "type": "string",
        "value": "0dp"
    },
    "_margin_": [
        1,
        1,
        1,
        1
    ],
    "_padding_": [
        0,
        0,
        0,
        0
    ],
    "_render_": true,
    "_skin_": "lblProductDesc",
    "_text_": "Product name , Product price, Averageuserreviewincludingimage, Productdescription",
    "_top_": {
        "type": "string",
        "value": "0dp"
    },
    "_width_": {
        "type": "string",
        "value": "100%"
    },
    "canUpdateUI": true,
    "channel": "mobile",
    "containerWeight": 100,
    "containerweight": 100,
    "contentAlignment": 4,
    "contentalignment": 4,
    "enabled": false,
    "hExpand": true,
    "height": {
        "type": "string",
        "value": "55%"
    },
    "hexpand": true,
    "id": "lblProductDesc",
    "info": null,
    "isVisible": true,
    "isvisible": true,
    "kuid": "4e908ed21077471e9cf82a03640c56c3",
    "left": {
        "type": "string",
        "value": "0dp"
    },
    "margin": [
        1,
        1,
        1,
        1
    ],
    "marginInPixel": false,
    "margininpixel": false,
    "name": "kony.ui.Label",
    "padding": [
        0,
        0,
        0,
        0
    ],
    "paddingInPixel": false,
    "paddinginpixel": false,
    "parent": "FlexContainerProductDetail",
    "pasteboardType": 2,
    "pf": "frmProductDetails",
    "platforms": {
        "android": {
            "@class": "com.kony.gen.viz.model.component.property.label.AndroidLabelProperty",
            "psp": {
                "@class": "com.kony.gen.viz.model.component.psp.label.AndroidLabelPSP",
                "textCopyable": false
            },
            "render": true
        },
        "iphone": {
            "@class": "com.kony.gen.viz.model.component.property.label.IPhoneLabelProperty",
            "psp": {
                "@class": "com.kony.gen.viz.model.component.psp.label.IPhoneLabelPSP",
                "pasteboardType": 2,
                "textCopyable": false,
                "wrapping": 2
            },
            "render": true
        },
        "spa": {
            "@class": "com.kony.gen.viz.model.component.property.label.SPALabelProperty",
            "psp": {
                "@class": "com.kony.gen.viz.model.component.psp.label.SPALabelPSP",
                "textCopyable": false
            }
        },
        "spaan": {
            "@class": "com.kony.gen.viz.model.component.property.label.SPAAndroidLabelProperty",
            "render": true
        },
        "spaip": {
            "@class": "com.kony.gen.viz.model.component.property.label.SPAIPhoneLabelProperty",
            "render": true
        },
        "spawinphone8": {
            "@class": "com.kony.gen.viz.model.component.property.label.SPAWinPhone8LabelProperty",
            "render": true
        },
        "winphone8": {
            "@class": "com.kony.gen.viz.model.component.property.label.WinPhone8LabelProperty",
            "render": true
        }
    },
    "render": true,
    "skin": "lblProductDesc",
    "text": "Product name , Product price, Averageuserreviewincludingimage, Productdescription",
    "toolTip": "",
    "tooltip": "",
    "top": {
        "type": "string",
        "value": "0dp"
    },
    "vExpand": false,
    "vexpand": false,
    "wType": "Label",
    "widgetAlignment": 5,
    "widgetalignment": 5,
    "width": {
        "type": "string",
        "value": "100%"
    },
    "wrapping": 2,
    "zIndex": 1,
    "zindex": 1
}