<?xml version="1.0" encoding="UTF-8" standalone="yes"?><appMenuFeatures><desktopfeature><eventroot><evtSequence><enabled>true</enabled><seqname></seqname></evtSequence></eventroot><form></form><i18key></i18key><icon>default:option1.png</icon><itemID>appmenuitemid1</itemID><kuid>c27097df8d9d4184b874506780a52b9b</kuid><name>Item 1</name><menu_Item xsi:type="platformMenuItemTabletData" xmlns:xsi="http://www.w3.org/2001/XMLSchema-instance"><androidMenuItem><showAsFlag>0</showAsFlag></androidMenuItem><ipadMenuItem><imageSelected></imageSelected></ipadMenuItem><win8MenuItem><appBar>No Style</appBar><menuID>None</menuID><position>BOTTOM_LEFT</position></win8MenuItem></menu_Item><render><desktop_kiosk_channel>true</desktop_kiosk_channel><desktop_web_channel>true</desktop_web_channel><mixed_android>true</mixed_android><mixed_android_tab>true</mixed_android_tab><mixed_bb>true</mixed_bb><mixed_ipad>true</mixed_ipad><mixed_iphone>true</mixed_iphone><rc_android>true</rc_android><rc_android_tab>true</rc_android_tab><rc_blackberry>true</rc_blackberry><rc_blackberry10>true</rc_blackberry10><rc_ipad>true</rc_ipad><rc_iphone>true</rc_iphone><rc_j2me>true</rc_j2me><rc_palm>true</rc_palm><rc_symbian>true</rc_symbian><rc_windows8>true</rc_windows8><rc_winmobile>true</rc_winmobile><rc_winmobile6x>true</rc_winmobile6x><rc_winphone8>true</rc_winphone8><rc_winphone81s>true</rc_winphone81s><tabspa_ipad>true</tabspa_ipad><tabspa_windows>true</tabspa_windows><tabspaspa_android>true</tabspaspa_android><tc_spaandroid>true</tc_spaandroid><tc_spabb>true</tc_spabb><tc_spabb_nth>true</tc_spabb_nth><tc_spaiphone>true</tc_spaiphone><tc_spawindows>true</tc_spawindows><tc_spawinphone8>true</tc_spawinphone8><tc_xhtml>true</tc_xhtml><tc_xhtml_advandroid1>true</tc_xhtml_advandroid1><tc_xhtml_advbb>true</tc_xhtml_advbb><tc_xhtml_adviphone1>true</tc_xhtml_adviphone1><tc_xhtml_advnth>true</tc_xhtml_advnth><tc_xhtml_advpalm1>true</tc_xhtml_advpalm1><tc_xhtml_js>true</tc_xhtml_js><wrapper_android>true</wrapper_android><wrapper_android_tab>true</wrapper_android_tab><wrapper_bb>true</wrapper_bb><wrapper_ipad>true</wrapper_ipad><wrapper_iphone>true</wrapper_iphone></render><func></func></desktopfeature><desktopfeature><eventroot><evtSequence><enabled>true</enabled><seqname></seqname></evtSequence></eventroot><form></form><i18key></i18key><icon>default:option2.png</icon><itemID>appmenuitemid2</itemID><kuid>adf2140e93e24703920d44b5bf9b339f</kuid><name>Item 2</name><menu_Item xsi:type="platformMenuItemTabletData" xmlns:xsi="http://www.w3.org/2001/XMLSchema-instance"><androidMenuItem><showAsFlag>0</showAsFlag></androidMenuItem><ipadMenuItem><imageSelected></imageSelected></ipadMenuItem><win8MenuItem><appBar>No Style</appBar><menuID>None</menuID><position>BOTTOM_LEFT</position></win8MenuItem></menu_Item><render><desktop_kiosk_channel>true</desktop_kiosk_channel><desktop_web_channel>true</desktop_web_channel><mixed_android>true</mixed_android><mixed_android_tab>true</mixed_android_tab><mixed_bb>true</mixed_bb><mixed_ipad>true</mixed_ipad><mixed_iphone>true</mixed_iphone><rc_android>true</rc_android><rc_android_tab>true</rc_android_tab><rc_blackberry>true</rc_blackberry><rc_blackberry10>true</rc_blackberry10><rc_ipad>true</rc_ipad><rc_iphone>true</rc_iphone><rc_j2me>true</rc_j2me><rc_palm>true</rc_palm><rc_symbian>true</rc_symbian><rc_windows8>true</rc_windows8><rc_winmobile>true</rc_winmobile><rc_winmobile6x>true</rc_winmobile6x><rc_winphone8>true</rc_winphone8><rc_winphone81s>true</rc_winphone81s><tabspa_ipad>true</tabspa_ipad><tabspa_windows>true</tabspa_windows><tabspaspa_android>true</tabspaspa_android><tc_spaandroid>true</tc_spaandroid><tc_spabb>true</tc_spabb><tc_spabb_nth>true</tc_spabb_nth><tc_spaiphone>true</tc_spaiphone><tc_spawindows>true</tc_spawindows><tc_spawinphone8>true</tc_spawinphone8><tc_xhtml>true</tc_xhtml><tc_xhtml_advandroid1>true</tc_xhtml_advandroid1><tc_xhtml_advbb>true</tc_xhtml_advbb><tc_xhtml_adviphone1>true</tc_xhtml_adviphone1><tc_xhtml_advnth>true</tc_xhtml_advnth><tc_xhtml_advpalm1>true</tc_xhtml_advpalm1><tc_xhtml_js>true</tc_xhtml_js><wrapper_android>true</wrapper_android><wrapper_android_tab>true</wrapper_android_tab><wrapper_bb>true</wrapper_bb><wrapper_ipad>true</wrapper_ipad><wrapper_iphone>true</wrapper_iphone></render><func></func></desktopfeature><desktopfeature><eventroot><evtSequence><enabled>true</enabled><seqname></seqname></evtSequence></eventroot><form></form><i18key></i18key><icon>default:option3.png</icon><itemID>appmenuitemid3</itemID><kuid>f3b76e64d6254d159ff55e1730b74144</kuid><name>Item 3</name><menu_Item xsi:type="platformMenuItemTabletData" xmlns:xsi="http://www.w3.org/2001/XMLSchema-instance"><androidMenuItem><showAsFlag>0</showAsFlag></androidMenuItem><ipadMenuItem><imageSelected></imageSelected></ipadMenuItem><win8MenuItem><appBar>No Style</appBar><menuID>None</menuID><position>BOTTOM_LEFT</position></win8MenuItem></menu_Item><render><desktop_kiosk_channel>true</desktop_kiosk_channel><desktop_web_channel>true</desktop_web_channel><mixed_android>true</mixed_android><mixed_android_tab>true</mixed_android_tab><mixed_bb>true</mixed_bb><mixed_ipad>true</mixed_ipad><mixed_iphone>true</mixed_iphone><rc_android>true</rc_android><rc_android_tab>true</rc_android_tab><rc_blackberry>true</rc_blackberry><rc_blackberry10>true</rc_blackberry10><rc_ipad>true</rc_ipad><rc_iphone>true</rc_iphone><rc_j2me>true</rc_j2me><rc_palm>true</rc_palm><rc_symbian>true</rc_symbian><rc_windows8>true</rc_windows8><rc_winmobile>true</rc_winmobile><rc_winmobile6x>true</rc_winmobile6x><rc_winphone8>true</rc_winphone8><rc_winphone81s>true</rc_winphone81s><tabspa_ipad>true</tabspa_ipad><tabspa_windows>true</tabspa_windows><tabspaspa_android>true</tabspaspa_android><tc_spaandroid>true</tc_spaandroid><tc_spabb>true</tc_spabb><tc_spabb_nth>true</tc_spabb_nth><tc_spaiphone>true</tc_spaiphone><tc_spawindows>true</tc_spawindows><tc_spawinphone8>true</tc_spawinphone8><tc_xhtml>true</tc_xhtml><tc_xhtml_advandroid1>true</tc_xhtml_advandroid1><tc_xhtml_advbb>true</tc_xhtml_advbb><tc_xhtml_adviphone1>true</tc_xhtml_adviphone1><tc_xhtml_advnth>true</tc_xhtml_advnth><tc_xhtml_advpalm1>true</tc_xhtml_advpalm1><tc_xhtml_js>true</tc_xhtml_js><wrapper_android>true</wrapper_android><wrapper_android_tab>true</wrapper_android_tab><wrapper_bb>true</wrapper_bb><wrapper_ipad>true</wrapper_ipad><wrapper_iphone>true</wrapper_iphone></render><func></func></desktopfeature><desktopfeature><eventroot><evtSequence><enabled>true</enabled><seqname></seqname></evtSequence></eventroot><form></form><i18key></i18key><icon>default:option4.png</icon><itemID>appmenuitemid4</itemID><kuid>009563121d3f4861bed61d297a1e279a</kuid><name>Item 4</name><menu_Item xsi:type="platformMenuItemTabletData" xmlns:xsi="http://www.w3.org/2001/XMLSchema-instance"><androidMenuItem><showAsFlag>0</showAsFlag></androidMenuItem><ipadMenuItem><imageSelected></imageSelected></ipadMenuItem><win8MenuItem><appBar>No Style</appBar><menuID>None</menuID><position>BOTTOM_LEFT</position></win8MenuItem></menu_Item><render><desktop_kiosk_channel>true</desktop_kiosk_channel><desktop_web_channel>true</desktop_web_channel><mixed_android>true</mixed_android><mixed_android_tab>true</mixed_android_tab><mixed_bb>true</mixed_bb><mixed_ipad>true</mixed_ipad><mixed_iphone>true</mixed_iphone><rc_android>true</rc_android><rc_android_tab>true</rc_android_tab><rc_blackberry>true</rc_blackberry><rc_blackberry10>true</rc_blackberry10><rc_ipad>true</rc_ipad><rc_iphone>true</rc_iphone><rc_j2me>true</rc_j2me><rc_palm>true</rc_palm><rc_symbian>true</rc_symbian><rc_windows8>true</rc_windows8><rc_winmobile>true</rc_winmobile><rc_winmobile6x>true</rc_winmobile6x><rc_winphone8>true</rc_winphone8><rc_winphone81s>true</rc_winphone81s><tabspa_ipad>true</tabspa_ipad><tabspa_windows>true</tabspa_windows><tabspaspa_android>true</tabspaspa_android><tc_spaandroid>true</tc_spaandroid><tc_spabb>true</tc_spabb><tc_spabb_nth>true</tc_spabb_nth><tc_spaiphone>true</tc_spaiphone><tc_spawindows>true</tc_spawindows><tc_spawinphone8>true</tc_spawinphone8><tc_xhtml>true</tc_xhtml><tc_xhtml_advandroid1>true</tc_xhtml_advandroid1><tc_xhtml_advbb>true</tc_xhtml_advbb><tc_xhtml_adviphone1>true</tc_xhtml_adviphone1><tc_xhtml_advnth>true</tc_xhtml_advnth><tc_xhtml_advpalm1>true</tc_xhtml_advpalm1><tc_xhtml_js>true</tc_xhtml_js><wrapper_android>true</wrapper_android><wrapper_android_tab>true</wrapper_android_tab><wrapper_bb>true</wrapper_bb><wrapper_ipad>true</wrapper_ipad><wrapper_iphone>true</wrapper_iphone></render><func></func></desktopfeature><appmenufeature><eventroot><evtSequence><enabled>true</enabled><seqname></seqname></evtSequence></eventroot><form></form><i18key></i18key><icon>default:option1.png</icon><itemID>appmenuitemid1</itemID><kuid>a8444f04a96b49ef8d1b294e691e1129</kuid><name>Item 1</name><menu_Item xsi:type="platformMenuItemMobileData" xmlns:xsi="http://www.w3.org/2001/XMLSchema-instance"><androidMenuItem><showAsFlag>0</showAsFlag></androidMenuItem><bbMenuItem><sepNeeded>true</sepNeeded></bbMenuItem><iphoneMenuItem><imageSelected></imageSelected></iphoneMenuItem><symbianMenuItem><exitApp>false</exitApp></symbianMenuItem></menu_Item><render><desktop_kiosk_channel>true</desktop_kiosk_channel><desktop_web_channel>true</desktop_web_channel><mixed_android>true</mixed_android><mixed_android_tab>true</mixed_android_tab><mixed_bb>true</mixed_bb><mixed_ipad>true</mixed_ipad><mixed_iphone>true</mixed_iphone><rc_android>true</rc_android><rc_android_tab>true</rc_android_tab><rc_blackberry>true</rc_blackberry><rc_blackberry10>true</rc_blackberry10><rc_ipad>true</rc_ipad><rc_iphone>true</rc_iphone><rc_j2me>true</rc_j2me><rc_palm>true</rc_palm><rc_symbian>true</rc_symbian><rc_windows8>true</rc_windows8><rc_winmobile>true</rc_winmobile><rc_winmobile6x>true</rc_winmobile6x><rc_winphone8>true</rc_winphone8><rc_winphone81s>true</rc_winphone81s><tabspa_ipad>true</tabspa_ipad><tabspa_windows>true</tabspa_windows><tabspaspa_android>true</tabspaspa_android><tc_spaandroid>true</tc_spaandroid><tc_spabb>true</tc_spabb><tc_spabb_nth>true</tc_spabb_nth><tc_spaiphone>true</tc_spaiphone><tc_spawindows>true</tc_spawindows><tc_spawinphone8>true</tc_spawinphone8><tc_xhtml>true</tc_xhtml><tc_xhtml_advandroid1>true</tc_xhtml_advandroid1><tc_xhtml_advbb>true</tc_xhtml_advbb><tc_xhtml_adviphone1>true</tc_xhtml_adviphone1><tc_xhtml_advnth>true</tc_xhtml_advnth><tc_xhtml_advpalm1>true</tc_xhtml_advpalm1><tc_xhtml_js>true</tc_xhtml_js><wrapper_android>true</wrapper_android><wrapper_android_tab>true</wrapper_android_tab><wrapper_bb>true</wrapper_bb><wrapper_ipad>true</wrapper_ipad><wrapper_iphone>true</wrapper_iphone></render><func></func></appmenufeature><appmenufeature><eventroot><evtSequence><enabled>true</enabled><seqname></seqname></evtSequence></eventroot><form></form><i18key></i18key><icon>default:option2.png</icon><itemID>appmenuitemid2</itemID><kuid>516675ccbd2c40438a44aa5c8e3c6e97</kuid><name>Item 2</name><menu_Item xsi:type="platformMenuItemMobileData" xmlns:xsi="http://www.w3.org/2001/XMLSchema-instance"><androidMenuItem><showAsFlag>0</showAsFlag></androidMenuItem><bbMenuItem><sepNeeded>true</sepNeeded></bbMenuItem><iphoneMenuItem><imageSelected></imageSelected></iphoneMenuItem><symbianMenuItem><exitApp>false</exitApp></symbianMenuItem></menu_Item><render><desktop_kiosk_channel>true</desktop_kiosk_channel><desktop_web_channel>true</desktop_web_channel><mixed_android>true</mixed_android><mixed_android_tab>true</mixed_android_tab><mixed_bb>true</mixed_bb><mixed_ipad>true</mixed_ipad><mixed_iphone>true</mixed_iphone><rc_android>true</rc_android><rc_android_tab>true</rc_android_tab><rc_blackberry>true</rc_blackberry><rc_blackberry10>true</rc_blackberry10><rc_ipad>true</rc_ipad><rc_iphone>true</rc_iphone><rc_j2me>true</rc_j2me><rc_palm>true</rc_palm><rc_symbian>true</rc_symbian><rc_windows8>true</rc_windows8><rc_winmobile>true</rc_winmobile><rc_winmobile6x>true</rc_winmobile6x><rc_winphone8>true</rc_winphone8><rc_winphone81s>true</rc_winphone81s><tabspa_ipad>true</tabspa_ipad><tabspa_windows>true</tabspa_windows><tabspaspa_android>true</tabspaspa_android><tc_spaandroid>true</tc_spaandroid><tc_spabb>true</tc_spabb><tc_spabb_nth>true</tc_spabb_nth><tc_spaiphone>true</tc_spaiphone><tc_spawindows>true</tc_spawindows><tc_spawinphone8>true</tc_spawinphone8><tc_xhtml>true</tc_xhtml><tc_xhtml_advandroid1>true</tc_xhtml_advandroid1><tc_xhtml_advbb>true</tc_xhtml_advbb><tc_xhtml_adviphone1>true</tc_xhtml_adviphone1><tc_xhtml_advnth>true</tc_xhtml_advnth><tc_xhtml_advpalm1>true</tc_xhtml_advpalm1><tc_xhtml_js>true</tc_xhtml_js><wrapper_android>true</wrapper_android><wrapper_android_tab>true</wrapper_android_tab><wrapper_bb>true</wrapper_bb><wrapper_ipad>true</wrapper_ipad><wrapper_iphone>true</wrapper_iphone></render><func></func></appmenufeature><appmenufeature><eventroot><evtSequence><enabled>true</enabled><seqname></seqname></evtSequence></eventroot><form></form><i18key></i18key><icon>default:option3.png</icon><itemID>appmenuitemid3</itemID><kuid>5cefecf7947645aa9010cfc2706260d1</kuid><name>Item 3</name><menu_Item xsi:type="platformMenuItemMobileData" xmlns:xsi="http://www.w3.org/2001/XMLSchema-instance"><androidMenuItem><showAsFlag>0</showAsFlag></androidMenuItem><bbMenuItem><sepNeeded>true</sepNeeded></bbMenuItem><iphoneMenuItem><imageSelected></imageSelected></iphoneMenuItem><symbianMenuItem><exitApp>false</exitApp></symbianMenuItem></menu_Item><render><desktop_kiosk_channel>true</desktop_kiosk_channel><desktop_web_channel>true</desktop_web_channel><mixed_android>true</mixed_android><mixed_android_tab>true</mixed_android_tab><mixed_bb>true</mixed_bb><mixed_ipad>true</mixed_ipad><mixed_iphone>true</mixed_iphone><rc_android>true</rc_android><rc_android_tab>true</rc_android_tab><rc_blackberry>true</rc_blackberry><rc_blackberry10>true</rc_blackberry10><rc_ipad>true</rc_ipad><rc_iphone>true</rc_iphone><rc_j2me>true</rc_j2me><rc_palm>true</rc_palm><rc_symbian>true</rc_symbian><rc_windows8>true</rc_windows8><rc_winmobile>true</rc_winmobile><rc_winmobile6x>true</rc_winmobile6x><rc_winphone8>true</rc_winphone8><rc_winphone81s>true</rc_winphone81s><tabspa_ipad>true</tabspa_ipad><tabspa_windows>true</tabspa_windows><tabspaspa_android>true</tabspaspa_android><tc_spaandroid>true</tc_spaandroid><tc_spabb>true</tc_spabb><tc_spabb_nth>true</tc_spabb_nth><tc_spaiphone>true</tc_spaiphone><tc_spawindows>true</tc_spawindows><tc_spawinphone8>true</tc_spawinphone8><tc_xhtml>true</tc_xhtml><tc_xhtml_advandroid1>true</tc_xhtml_advandroid1><tc_xhtml_advbb>true</tc_xhtml_advbb><tc_xhtml_adviphone1>true</tc_xhtml_adviphone1><tc_xhtml_advnth>true</tc_xhtml_advnth><tc_xhtml_advpalm1>true</tc_xhtml_advpalm1><tc_xhtml_js>true</tc_xhtml_js><wrapper_android>true</wrapper_android><wrapper_android_tab>true</wrapper_android_tab><wrapper_bb>true</wrapper_bb><wrapper_ipad>true</wrapper_ipad><wrapper_iphone>true</wrapper_iphone></render><func></func></appmenufeature><appmenufeature><eventroot><evtSequence><enabled>true</enabled><seqname></seqname></evtSequence></eventroot><form></form><i18key></i18key><icon>default:option4.png</icon><itemID>appmenuitemid4</itemID><kuid>8e7d4fa22b9749d68e6f060a521c607b</kuid><name>Item 4</name><menu_Item xsi:type="platformMenuItemMobileData" xmlns:xsi="http://www.w3.org/2001/XMLSchema-instance"><androidMenuItem><showAsFlag>0</showAsFlag></androidMenuItem><bbMenuItem><sepNeeded>true</sepNeeded></bbMenuItem><iphoneMenuItem><imageSelected></imageSelected></iphoneMenuItem><symbianMenuItem><exitApp>false</exitApp></symbianMenuItem></menu_Item><render><desktop_kiosk_channel>true</desktop_kiosk_channel><desktop_web_channel>true</desktop_web_channel><mixed_android>true</mixed_android><mixed_android_tab>true</mixed_android_tab><mixed_bb>true</mixed_bb><mixed_ipad>true</mixed_ipad><mixed_iphone>true</mixed_iphone><rc_android>true</rc_android><rc_android_tab>true</rc_android_tab><rc_blackberry>true</rc_blackberry><rc_blackberry10>true</rc_blackberry10><rc_ipad>true</rc_ipad><rc_iphone>true</rc_iphone><rc_j2me>true</rc_j2me><rc_palm>true</rc_palm><rc_symbian>true</rc_symbian><rc_windows8>true</rc_windows8><rc_winmobile>true</rc_winmobile><rc_winmobile6x>true</rc_winmobile6x><rc_winphone8>true</rc_winphone8><rc_winphone81s>true</rc_winphone81s><tabspa_ipad>true</tabspa_ipad><tabspa_windows>true</tabspa_windows><tabspaspa_android>true</tabspaspa_android><tc_spaandroid>true</tc_spaandroid><tc_spabb>true</tc_spabb><tc_spabb_nth>true</tc_spabb_nth><tc_spaiphone>true</tc_spaiphone><tc_spawindows>true</tc_spawindows><tc_spawinphone8>true</tc_spawinphone8><tc_xhtml>true</tc_xhtml><tc_xhtml_advandroid1>true</tc_xhtml_advandroid1><tc_xhtml_advbb>true</tc_xhtml_advbb><tc_xhtml_adviphone1>true</tc_xhtml_adviphone1><tc_xhtml_advnth>true</tc_xhtml_advnth><tc_xhtml_advpalm1>true</tc_xhtml_advpalm1><tc_xhtml_js>true</tc_xhtml_js><wrapper_android>true</wrapper_android><wrapper_android_tab>true</wrapper_android_tab><wrapper_bb>true</wrapper_bb><wrapper_ipad>true</wrapper_ipad><wrapper_iphone>true</wrapper_iphone></render><func></func></appmenufeature><focusskinid>No Skin</focusskinid><palm_mode>grouped</palm_mode><palm_view>image</palm_view><skinid>No Skin</skinid><tabletfeature><eventroot><evtSequence><enabled>true</enabled><seqname></seqname></evtSequence></eventroot><form></form><i18key></i18key><icon>default:option1.png</icon><itemID>appmenuitemid1</itemID><kuid>ba05b61d9d704d029ba373713e241db4</kuid><name>Item 1</name><menu_Item xsi:type="platformMenuItemTabletData" xmlns:xsi="http://www.w3.org/2001/XMLSchema-instance"><androidMenuItem><showAsFlag>0</showAsFlag></androidMenuItem><ipadMenuItem><imageSelected></imageSelected></ipadMenuItem><win8MenuItem><appBar>No Style</appBar><menuID>None</menuID><position>BOTTOM_LEFT</position></win8MenuItem></menu_Item><render><desktop_kiosk_channel>true</desktop_kiosk_channel><desktop_web_channel>true</desktop_web_channel><mixed_android>true</mixed_android><mixed_android_tab>true</mixed_android_tab><mixed_bb>true</mixed_bb><mixed_ipad>true</mixed_ipad><mixed_iphone>true</mixed_iphone><rc_android>true</rc_android><rc_android_tab>true</rc_android_tab><rc_blackberry>true</rc_blackberry><rc_blackberry10>true</rc_blackberry10><rc_ipad>true</rc_ipad><rc_iphone>true</rc_iphone><rc_j2me>true</rc_j2me><rc_palm>true</rc_palm><rc_symbian>true</rc_symbian><rc_windows8>true</rc_windows8><rc_winmobile>true</rc_winmobile><rc_winmobile6x>true</rc_winmobile6x><rc_winphone8>true</rc_winphone8><rc_winphone81s>true</rc_winphone81s><tabspa_ipad>true</tabspa_ipad><tabspa_windows>true</tabspa_windows><tabspaspa_android>true</tabspaspa_android><tc_spaandroid>true</tc_spaandroid><tc_spabb>true</tc_spabb><tc_spabb_nth>true</tc_spabb_nth><tc_spaiphone>true</tc_spaiphone><tc_spawindows>true</tc_spawindows><tc_spawinphone8>true</tc_spawinphone8><tc_xhtml>true</tc_xhtml><tc_xhtml_advandroid1>true</tc_xhtml_advandroid1><tc_xhtml_advbb>true</tc_xhtml_advbb><tc_xhtml_adviphone1>true</tc_xhtml_adviphone1><tc_xhtml_advnth>true</tc_xhtml_advnth><tc_xhtml_advpalm1>true</tc_xhtml_advpalm1><tc_xhtml_js>true</tc_xhtml_js><wrapper_android>true</wrapper_android><wrapper_android_tab>true</wrapper_android_tab><wrapper_bb>true</wrapper_bb><wrapper_ipad>true</wrapper_ipad><wrapper_iphone>true</wrapper_iphone></render><func></func></tabletfeature><tabletfeature><eventroot><evtSequence><enabled>true</enabled><seqname></seqname></evtSequence></eventroot><form></form><i18key></i18key><icon>default:option2.png</icon><itemID>appmenuitemid2</itemID><kuid>384543b6c89c4504ada2453fdc2a585e</kuid><name>Item 2</name><menu_Item xsi:type="platformMenuItemTabletData" xmlns:xsi="http://www.w3.org/2001/XMLSchema-instance"><androidMenuItem><showAsFlag>0</showAsFlag></androidMenuItem><ipadMenuItem><imageSelected></imageSelected></ipadMenuItem><win8MenuItem><appBar>No Style</appBar><menuID>None</menuID><position>BOTTOM_LEFT</position></win8MenuItem></menu_Item><render><desktop_kiosk_channel>true</desktop_kiosk_channel><desktop_web_channel>true</desktop_web_channel><mixed_android>true</mixed_android><mixed_android_tab>true</mixed_android_tab><mixed_bb>true</mixed_bb><mixed_ipad>true</mixed_ipad><mixed_iphone>true</mixed_iphone><rc_android>true</rc_android><rc_android_tab>true</rc_android_tab><rc_blackberry>true</rc_blackberry><rc_blackberry10>true</rc_blackberry10><rc_ipad>true</rc_ipad><rc_iphone>true</rc_iphone><rc_j2me>true</rc_j2me><rc_palm>true</rc_palm><rc_symbian>true</rc_symbian><rc_windows8>true</rc_windows8><rc_winmobile>true</rc_winmobile><rc_winmobile6x>true</rc_winmobile6x><rc_winphone8>true</rc_winphone8><rc_winphone81s>true</rc_winphone81s><tabspa_ipad>true</tabspa_ipad><tabspa_windows>true</tabspa_windows><tabspaspa_android>true</tabspaspa_android><tc_spaandroid>true</tc_spaandroid><tc_spabb>true</tc_spabb><tc_spabb_nth>true</tc_spabb_nth><tc_spaiphone>true</tc_spaiphone><tc_spawindows>true</tc_spawindows><tc_spawinphone8>true</tc_spawinphone8><tc_xhtml>true</tc_xhtml><tc_xhtml_advandroid1>true</tc_xhtml_advandroid1><tc_xhtml_advbb>true</tc_xhtml_advbb><tc_xhtml_adviphone1>true</tc_xhtml_adviphone1><tc_xhtml_advnth>true</tc_xhtml_advnth><tc_xhtml_advpalm1>true</tc_xhtml_advpalm1><tc_xhtml_js>true</tc_xhtml_js><wrapper_android>true</wrapper_android><wrapper_android_tab>true</wrapper_android_tab><wrapper_bb>true</wrapper_bb><wrapper_ipad>true</wrapper_ipad><wrapper_iphone>true</wrapper_iphone></render><func></func></tabletfeature><tabletfeature><eventroot><evtSequence><enabled>true</enabled><seqname></seqname></evtSequence></eventroot><form></form><i18key></i18key><icon>default:option3.png</icon><itemID>appmenuitemid3</itemID><kuid>27a74f7468e243ad896378dff32a621d</kuid><name>Item 3</name><menu_Item xsi:type="platformMenuItemTabletData" xmlns:xsi="http://www.w3.org/2001/XMLSchema-instance"><androidMenuItem><showAsFlag>0</showAsFlag></androidMenuItem><ipadMenuItem><imageSelected></imageSelected></ipadMenuItem><win8MenuItem><appBar>No Style</appBar><menuID>None</menuID><position>BOTTOM_LEFT</position></win8MenuItem></menu_Item><render><desktop_kiosk_channel>true</desktop_kiosk_channel><desktop_web_channel>true</desktop_web_channel><mixed_android>true</mixed_android><mixed_android_tab>true</mixed_android_tab><mixed_bb>true</mixed_bb><mixed_ipad>true</mixed_ipad><mixed_iphone>true</mixed_iphone><rc_android>true</rc_android><rc_android_tab>true</rc_android_tab><rc_blackberry>true</rc_blackberry><rc_blackberry10>true</rc_blackberry10><rc_ipad>true</rc_ipad><rc_iphone>true</rc_iphone><rc_j2me>true</rc_j2me><rc_palm>true</rc_palm><rc_symbian>true</rc_symbian><rc_windows8>true</rc_windows8><rc_winmobile>true</rc_winmobile><rc_winmobile6x>true</rc_winmobile6x><rc_winphone8>true</rc_winphone8><rc_winphone81s>true</rc_winphone81s><tabspa_ipad>true</tabspa_ipad><tabspa_windows>true</tabspa_windows><tabspaspa_android>true</tabspaspa_android><tc_spaandroid>true</tc_spaandroid><tc_spabb>true</tc_spabb><tc_spabb_nth>true</tc_spabb_nth><tc_spaiphone>true</tc_spaiphone><tc_spawindows>true</tc_spawindows><tc_spawinphone8>true</tc_spawinphone8><tc_xhtml>true</tc_xhtml><tc_xhtml_advandroid1>true</tc_xhtml_advandroid1><tc_xhtml_advbb>true</tc_xhtml_advbb><tc_xhtml_adviphone1>true</tc_xhtml_adviphone1><tc_xhtml_advnth>true</tc_xhtml_advnth><tc_xhtml_advpalm1>true</tc_xhtml_advpalm1><tc_xhtml_js>true</tc_xhtml_js><wrapper_android>true</wrapper_android><wrapper_android_tab>true</wrapper_android_tab><wrapper_bb>true</wrapper_bb><wrapper_ipad>true</wrapper_ipad><wrapper_iphone>true</wrapper_iphone></render><func></func></tabletfeature><tabletfeature><eventroot><evtSequence><enabled>true</enabled><seqname></seqname></evtSequence></eventroot><form></form><i18key></i18key><icon>default:option4.png</icon><itemID>appmenuitemid4</itemID><kuid>652683a5f7f344e4b719371f73a5b17f</kuid><name>Item 4</name><menu_Item xsi:type="platformMenuItemTabletData" xmlns:xsi="http://www.w3.org/2001/XMLSchema-instance"><androidMenuItem><showAsFlag>0</showAsFlag></androidMenuItem><ipadMenuItem><imageSelected></imageSelected></ipadMenuItem><win8MenuItem><appBar>No Style</appBar><menuID>None</menuID><position>BOTTOM_LEFT</position></win8MenuItem></menu_Item><render><desktop_kiosk_channel>true</desktop_kiosk_channel><desktop_web_channel>true</desktop_web_channel><mixed_android>true</mixed_android><mixed_android_tab>true</mixed_android_tab><mixed_bb>true</mixed_bb><mixed_ipad>true</mixed_ipad><mixed_iphone>true</mixed_iphone><rc_android>true</rc_android><rc_android_tab>true</rc_android_tab><rc_blackberry>true</rc_blackberry><rc_blackberry10>true</rc_blackberry10><rc_ipad>true</rc_ipad><rc_iphone>true</rc_iphone><rc_j2me>true</rc_j2me><rc_palm>true</rc_palm><rc_symbian>true</rc_symbian><rc_windows8>true</rc_windows8><rc_winmobile>true</rc_winmobile><rc_winmobile6x>true</rc_winmobile6x><rc_winphone8>true</rc_winphone8><rc_winphone81s>true</rc_winphone81s><tabspa_ipad>true</tabspa_ipad><tabspa_windows>true</tabspa_windows><tabspaspa_android>true</tabspaspa_android><tc_spaandroid>true</tc_spaandroid><tc_spabb>true</tc_spabb><tc_spabb_nth>true</tc_spabb_nth><tc_spaiphone>true</tc_spaiphone><tc_spawindows>true</tc_spawindows><tc_spawinphone8>true</tc_spawinphone8><tc_xhtml>true</tc_xhtml><tc_xhtml_advandroid1>true</tc_xhtml_advandroid1><tc_xhtml_advbb>true</tc_xhtml_advbb><tc_xhtml_adviphone1>true</tc_xhtml_adviphone1><tc_xhtml_advnth>true</tc_xhtml_advnth><tc_xhtml_advpalm1>true</tc_xhtml_advpalm1><tc_xhtml_js>true</tc_xhtml_js><wrapper_android>true</wrapper_android><wrapper_android_tab>true</wrapper_android_tab><wrapper_bb>true</wrapper_bb><wrapper_ipad>true</wrapper_ipad><wrapper_iphone>true</wrapper_iphone></render><func></func></tabletfeature></appMenuFeatures>