<application desc="" id="BestBuyApp" name="" smscode="">
   <app-config>
      <config-param name="APP_SMS_HEADER" value="null"/>
   </app-config>
   <services>
      <service cachable="false" cacheduration="" id="Categories" passwordencrypted="true" smscode="" smsenabled="false" type="plainxmlserviceConnector">
         <service-config>
            <config-param name="endpointUrl" value="http://localhost:8080/middleware/Categories.html"/>
            <config-param name="postprocessorname" value=""/>
            <config-param name="preprocessorname" value=""/>
            <config-param name="urlprovider" value=""/>
            <config-param name="dataprovider" value=""/>
            <config-param name="sockettimeout" value=""/>
            <config-param name="proxyname" value=""/>
            <config-param name="proxyport" value=""/>
            <config-param name="proxyusername" value=""/>
            <config-param name="http.method" value="GET"/>
            <config-param name="isembedxmlpresent" value="false"/>
            <config-param name="ignorehttpproxy" value="false"/>
            <config-param name="responseEncoding" value="UTF-8"/>
            <config-param name="server.auth.mode" value="basic"/>
            <config-param name="server.auth.host" value=""/>
            <config-param name="server.auth.ntlm.domain" value=""/>
         </service-config>
         <service-input>
            <param datatype="string" encode="true" name="api" sms-name="" src="request" value="bhgdn3ajtt9yep87njpxzp97"/>
         </service-input>
         <service-output>
            <dataset id="categories" src="//categories">
               <param datatype="string" format="None" formatvalue="" name="id" sms-name="" src="category/id" target="response"/>
               <param datatype="string" format="None" formatvalue="" name="name" sms-name="" src="category/name" target="response"/>
            </dataset>
            <param datatype="number" format="None" formatvalue="" name="opstatus" sms-name="" src="" target=""/>
            <param datatype="string" format="None" formatvalue="" name="errmsg" sms-name="" src="" target=""/>
            <param datatype="number" format="None" formatvalue="" name="httpStatusCode" sms-name="" src="" target=""/>
         </service-output>
      </service>
   </services>
</application>
