{
    "@class": "com.kony.gen.viz.model.container.KVizFlex",
    "DNDConfig": null,
    "_height_": {
        "type": "string",
        "value": "15%"
    },
    "_left_": {
        "type": "string",
        "value": "0dp"
    },
    "_margin_": [
        0,
        0,
        0,
        0
    ],
    "_padding_": [
        0,
        0,
        0,
        0
    ],
    "_skin_": "CopyslFbox05c554982f1204c",
    "_top_": {
        "type": "string",
        "value": "0dp"
    },
    "_width_": {
        "type": "string",
        "value": "100%"
    },
    "allboxes": [],
    "channel": "mobile",
    "children": [
        "btnBack",
        "imgLogo"
    ],
    "clipBounds": true,
    "clipbounds": true,
    "containerWeight": 100,
    "containerweight": 100,
    "defaultUnit": 2,
    "defaultunit": 2,
    "height": {
        "type": "string",
        "value": "15%"
    },
    "id": "FlexContainerHeader",
    "isVisible": true,
    "isvisible": true,
    "kuid": "f335bd9b63334eabb3a079c1b3eda376",
    "layoutType": 2,
    "layouttype": 2,
    "left": {
        "type": "string",
        "value": "0dp"
    },
    "margin": [
        0,
        0,
        0,
        0
    ],
    "marginInPixel": false,
    "margininpixel": false,
    "name": "kony.ui.FlexContainer",
    "padding": [
        0,
        0,
        0,
        0
    ],
    "paddingInPixel": false,
    "paddinginpixel": false,
    "parent": "frmProductLists",
    "pf": "frmProductLists",
    "platforms": {
        "android": {
            "@class": "com.kony.gen.viz.model.container.property.flex.AndroidFlexProperty",
            "_render_": true,
            "render": true
        },
        "iphone": {
            "@class": "com.kony.gen.viz.model.container.property.flex.IPhoneFlexProperty",
            "_render_": true,
            "render": true
        },
        "spa": {
            "@class": "com.kony.gen.viz.model.container.property.flex.SPAFlexProperty"
        },
        "spaan": {
            "@class": "com.kony.gen.viz.model.container.property.flex.SPAAndroidFlexProperty",
            "_render_": true,
            "render": true
        },
        "spaip": {
            "@class": "com.kony.gen.viz.model.container.property.flex.SPAIPhoneFlexProperty",
            "_render_": true,
            "render": true
        },
        "spawinphone8": {
            "@class": "com.kony.gen.viz.model.container.property.flex.SPAWinPhone8FlexProperty",
            "_render_": true,
            "render": true
        },
        "winphone8": {
            "@class": "com.kony.gen.viz.model.container.property.flex.WinPhone8FlexProperty",
            "_render_": true,
            "render": true
        }
    },
    "render": true,
    "skin": "CopyslFbox05c554982f1204c",
    "top": {
        "type": "string",
        "value": "0dp"
    },
    "wType": "FlexContainer",
    "widgetAlignment": 1,
    "widgetalignment": 1,
    "width": {
        "type": "string",
        "value": "100%"
    },
    "zIndex": 1,
    "zindex": 1
}