{
    "@class": "com.kony.gen.viz.model.container.KVizScrollFlexForm",
    "DNDConfig": null,
    "_margin_": [
        0,
        0,
        0,
        0
    ],
    "_padding_": [
        0,
        0,
        0,
        0
    ],
    "_skin_": "slForm",
    "allboxes": [],
    "allowHorizontalBounce": true,
    "allowVerticalBounce": true,
    "allowhorizontalbounce": true,
    "allowverticalbounce": true,
    "bounces": true,
    "canUpdateUI": true,
    "channel": "mobile",
    "children": [
        "FlexContainerHeader",
        "FlexContainerNavigation",
        "segmentCategoryLists",
        "FlexContainerPagination"
    ],
    "configureStatusBarStyle": false,
    "containerWeight": 100,
    "containerheightreference": 1,
    "containerweight": 100,
    "contentOffset": {},
    "contentSize": {},
    "contentoffset": {},
    "contentsize": {},
    "defaultUnit": 2,
    "defaultunit": 2,
    "displayOrientation": 1,
    "displayorientation": 1,
    "enableScrolling": true,
    "enablescrolling": true,
    "extendBottom": false,
    "extendTop": false,
    "footerOverlap": false,
    "footeroverlap": false,
    "headerOverlap": false,
    "headeroverlap": false,
    "horizontalscrollindicator": true,
    "id": "frmProductLists",
    "inTransitionConfig": {
        "transitionDirection": "none",
        "transitionEffect": "none"
    },
    "inputAccessoryViewType": 4,
    "isVisible": true,
    "ismodal": false,
    "isvisible": true,
    "kuid": "b6b9af9149cf47b8b68ebbc5359efede",
    "layoutType": 2,
    "layouttype": 2,
    "margin": [
        0,
        0,
        0,
        0
    ],
    "marginInPixel": false,
    "margininpixel": false,
    "menuPosition": 2,
    "menuposition": 2,
    "name": "kony.ui.Form2",
    "needAppMenu": true,
    "outTransitionConfig": {
        "transitionDirection": "none",
        "transitionEffect": "none"
    },
    "padding": [
        0,
        0,
        0,
        0
    ],
    "paddingInPixel": false,
    "paddinginpixel": false,
    "pagingEnabled": false,
    "pagingenabled": false,
    "platforms": {
        "android": {
            "@class": "com.kony.gen.viz.model.container.property.scrollflexform.AndroidScrollFlexFormProperty",
            "displayOrientation": 1,
            "footerOverlap": false,
            "headerOverlap": false,
            "inTransitionConfig": {
                "formAnimation": 0
            },
            "isModal": false,
            "menuPosition": 2,
            "needAppMenu": true,
            "outTransitionConfig": {
                "formAnimation": 0
            },
            "psp": {
                "@class": "com.kony.gen.viz.model.container.psp.scrollflexform.AndroidScrollFlexFormPSP",
                "windowSoftInputMode": 1
            },
            "render": true
        },
        "iphone": {
            "@class": "com.kony.gen.viz.model.container.property.scrollflexform.IPhoneScrollFlexFormProperty",
            "displayOrientation": 1,
            "footerOverlap": false,
            "headerOverlap": false,
            "inTransitionConfig": {
                "transitionDirection": "none",
                "transitionEffect": "none"
            },
            "isModal": false,
            "needAppMenu": true,
            "outTransitionConfig": {
                "transitionDirection": "none",
                "transitionEffect": "none"
            },
            "psp": {
                "@class": "com.kony.gen.viz.model.container.psp.scrollflexform.IPhoneScrollFlexFormPSP",
                "bounces": true,
                "configureExtendBottom": false,
                "configureExtendTop": false,
                "configureStatusBarStyle": false,
                "extendBottom": false,
                "extendTop": false,
                "inputAccessoryViewType": 4,
                "maxZoomScale": 1,
                "minZoomScale": 1,
                "statusBarStyle": "STATUS_BAR_STYLE_DEFAULT",
                "titleBarConfig": {
                    "buttonText": "Edit",
                    "leftButtonText": "Back",
                    "leftTitle": "Back",
                    "prevFormTitle": false,
                    "renderTitleText": true,
                    "rightTitle": "Edit",
                    "titleBarLeftSideView": "button",
                    "titleBarRightSideView": "button",
                    "visible": true
                },
                "zoomScale": 1
            },
            "render": true,
            "titleBar": true
        },
        "spa": {
            "@class": "com.kony.gen.viz.model.container.property.scrollflexform.SPAScrollFlexFormProperty",
            "displayOrientation": 1,
            "inTransitionConfig": {
                "formTransition": "none"
            },
            "isModal": false,
            "outTransitionConfig": {
                "formTransition": "none"
            }
        },
        "spaan": {
            "@class": "com.kony.gen.viz.model.container.property.scrollflexform.SPAAndroidScrollFlexFormProperty",
            "needAppMenu": true,
            "render": true
        },
        "spaip": {
            "@class": "com.kony.gen.viz.model.container.property.scrollflexform.SPAIPhoneScrollFlexFormProperty",
            "needAppMenu": true,
            "render": true
        },
        "spawinphone8": {
            "@class": "com.kony.gen.viz.model.container.property.scrollflexform.SPAWinPhone8ScrollFlexFormProperty",
            "needAppMenu": true,
            "render": true
        },
        "winphone8": {
            "@class": "com.kony.gen.viz.model.container.property.scrollflexform.WinPhone8ScrollFlexFormProperty",
            "displayOrientation": 1,
            "inTransitionConfig": {
                "transitionSpeed": 0
            },
            "needAppMenu": true,
            "outTransitionConfig": {
                "transitionSpeed": 0
            },
            "psp": {
                "@class": "com.kony.gen.viz.model.container.psp.scrollflexform.WinPhone8ScrollFlexFormPSP",
                "animateHeaderFooter": false,
                "maxAppMenuButtons": 4
            },
            "render": true
        }
    },
    "render": true,
    "retainScrollPosition": false,
    "retainscrollposition": false,
    "scrolldirection": 2,
    "skin": "slForm",
    "statusBarStyle": "STATUS_BAR_STYLE_DEFAULT",
    "titleBar": true,
    "titleBarSkin": "slTitleBar",
    "titlebar": true,
    "transparencybehindthepopup": 100,
    "type": 3,
    "verticalscrollindicator": true,
    "wType": "Form",
    "widgetAlignment": 1,
    "widgetalignment": 1,
    "zIndex": 1,
    "zindex": 1
}