{
    "@class": "com.kony.gen.viz.model.component.KVizImage2",
    "DNDConfig": null,
    "_height_": {
        "type": "string",
        "value": "88px"
    },
    "_left_": {
        "type": "string",
        "value": "117dp"
    },
    "_margin_": [
        0,
        0,
        0,
        0
    ],
    "_padding_": [
        0,
        0,
        0,
        0
    ],
    "_render_": true,
    "_skin_": "slImage",
    "_src_": "best_buy_logo.png",
    "_top_": {
        "type": "string",
        "value": "6dp"
    },
    "_width_": {
        "type": "string",
        "value": "130px"
    },
    "canUpdateUI": true,
    "centerX": "50.00%",
    "centerY": "50%",
    "centerx": {
        "type": "string",
        "value": "50.00%"
    },
    "centery": {
        "type": "string",
        "value": "50%"
    },
    "channel": "mobile",
    "containerWeight": 100,
    "containerweight": 100,
    "contentAlignment": 5,
    "contentalignment": 5,
    "enabled": false,
    "hExpand": false,
    "height": {
        "type": "string",
        "value": "88px"
    },
    "hexpand": false,
    "id": "imgLogo",
    "imageScaleMode": 0,
    "imagescalemode": 0,
    "info": null,
    "isVisible": true,
    "isvisible": true,
    "kuid": "26c66bfb7b2c41939ee1578d607199fd",
    "left": {
        "type": "string",
        "value": "117dp"
    },
    "margin": [
        0,
        0,
        0,
        0
    ],
    "marginInPixel": false,
    "margininpixel": false,
    "name": "kony.ui.Image2",
    "padding": [
        0,
        0,
        0,
        0
    ],
    "paddingInPixel": false,
    "paddinginpixel": false,
    "parent": "FlexContainerHeader",
    "pf": "frmProductLists",
    "platforms": {
        "android": {
            "@class": "com.kony.gen.viz.model.component.property.image2.AndroidImage2Property",
            "render": true
        },
        "iphone": {
            "@class": "com.kony.gen.viz.model.component.property.image2.IPhoneImage2Property",
            "render": true
        },
        "spa": {
            "@class": "com.kony.gen.viz.model.component.property.image2.SPAImage2Property"
        },
        "spaan": {
            "@class": "com.kony.gen.viz.model.component.property.image2.SPAAndroidImage2Property",
            "render": true
        },
        "spaip": {
            "@class": "com.kony.gen.viz.model.component.property.image2.SPAIPhoneImage2Property",
            "render": true
        },
        "spawinphone8": {
            "@class": "com.kony.gen.viz.model.component.property.image2.SPAWinPhone8Image2Property",
            "render": true
        },
        "winphone8": {
            "@class": "com.kony.gen.viz.model.component.property.image2.WinPhone8Image2Property",
            "render": true
        }
    },
    "render": true,
    "skin": "slImage",
    "src": "best_buy_logo.png",
    "srcType": 1,
    "text": "best_buy_logo.png",
    "top": {
        "type": "string",
        "value": "6dp"
    },
    "vExpand": false,
    "vexpand": false,
    "wType": "Image",
    "widgetAlignment": 5,
    "widgetalignment": 5,
    "width": {
        "type": "string",
        "value": "130px"
    },
    "zIndex": 1,
    "zindex": 1
}